iter,Loss,Loss_f,loss_BC
1.0,1.4838062524795532,1.4837913513183594,1.4887460565660149e-05
2.0,1.439521312713623,1.439446210861206,7.510327850468457e-05
3.0,1.4197918176651,1.4197789430618286,1.2884677744295914e-05
4.0,1.404058575630188,1.4040238857269287,3.468660725047812e-05
5.0,1.3910267353057861,1.3909205198287964,0.00010619049135129899
6.0,1.3802196979522705,1.3800170421600342,0.0002026217698585242
7.0,1.3713114261627197,1.3709782361984253,0.0003331981715746224
8.0,1.3641424179077148,1.3636492490768433,0.0004931592848151922
9.0,1.3585805892944336,1.3579000234603882,0.0006805260200053453
10.0,1.354356288909912,1.3534644842147827,0.0008918122621253133
11.0,1.35099458694458,1.349853754043579,0.0011408356949687004
12.0,1.347855567932129,1.3463685512542725,0.0014870651066303253
13.0,1.3439816236495972,1.3418694734573364,0.002112140879034996
14.0,1.3372527360916138,1.3335636854171753,0.0036890876945108175
15.0,1.3285452127456665,1.3217626810073853,0.006782557815313339
16.0,1.3261054754257202,1.3187450170516968,0.007360502611845732
17.0,1.32328200340271,1.3156253099441528,0.0076566459611058235
18.0,1.318739652633667,1.3104251623153687,0.008314457722008228
19.0,1.3135088682174683,1.3047070503234863,0.00880187563598156
20.0,1.3085366487503052,1.299270510673523,0.009266187436878681
21.0,1.3035541772842407,1.294861912727356,0.008692268282175064
22.0,1.2984004020690918,1.2888224124908447,0.009577933698892593
23.0,1.2933483123779297,1.2846943140029907,0.008654029108583927
24.0,1.2892637252807617,1.2805639505386353,0.008699718862771988
25.0,1.284818410873413,1.2766176462173462,0.008200738579034805
26.0,1.2796111106872559,1.2714474201202393,0.008163697086274624
27.0,1.2728254795074463,1.264870524406433,0.007954899221658707
28.0,1.2616891860961914,1.252960205078125,0.008728958666324615
29.0,1.2184548377990723,1.2029145956039429,0.01554029993712902
30.0,1.1604344844818115,1.1353185176849365,0.025116026401519775
31.0,5.057225704193115,4.937349319458008,0.11987660825252533
32.0,3.5498127937316895,3.4877376556396484,0.062075067311525345
33.0,3.261164426803589,3.21235728263855,0.04880722984671593
34.0,2.9768879413604736,2.9398913383483887,0.03699667751789093
35.0,2.730079412460327,2.70145845413208,0.028620991855859756
36.0,2.5183475017547607,2.495180606842041,0.02316693775355816
37.0,2.337183952331543,2.317254066467285,0.01992977038025856
38.0,2.1821300983428955,2.163817882537842,0.018312320113182068
39.0,2.049595832824707,2.031731367111206,0.01786438561975956
40.0,1.9370263814926147,1.9187837839126587,0.018242619931697845
41.0,1.8426847457885742,1.8235267400741577,0.019158003851771355
42.0,1.7648718357086182,1.7445255517959595,0.020346300676465034
43.0,1.701087474822998,1.6795026063919067,0.021584853529930115
44.0,1.6479209661483765,1.6251893043518066,0.022731713950634003
45.0,1.6018697023391724,1.5781348943710327,0.02373485453426838
46.0,1.5602028369903564,1.5355979204177856,0.02460497058928013
47.0,1.5213377475738525,1.4959551095962524,0.025382623076438904
48.0,1.484720230102539,1.458604335784912,0.02611595019698143
49.0,1.4504079818725586,1.4235628843307495,0.026845043525099754
50.0,1.4186358451843262,1.391042947769165,0.027592936530709267
51.0,1.389549970626831,1.3611853122711182,0.028364703059196472
52.0,1.3631198406219482,1.3339661359786987,0.029153689742088318
53.0,1.3391830921173096,1.3092342615127563,0.02994886413216591
54.0,1.317491888999939,1.286751389503479,0.03074052184820175
55.0,1.2977521419525146,1.2662280797958374,0.031524039804935455
56.0,1.2796372175216675,1.2473357915878296,0.03230147063732147
57.0,1.262771487236023,1.2296874523162842,0.03308408334851265
58.0,1.246687412261963,1.212790846824646,0.03389658033847809
59.0,1.2306771278381348,1.1958870887756348,0.034790050238370895
60.0,1.2133893966674805,1.1775085926055908,0.035880833864212036
61.0,1.1911158561706543,1.1535942554473877,0.037521615624427795
62.0,1.1440746784210205,1.1023077964782715,0.04176683351397514
63.0,2.005126714706421,1.8292851448059082,0.1758415400981903
64.0,1.9424203634262085,1.7789421081542969,0.16347821056842804
65.0,1.7528252601623535,1.6161696910858154,0.13665562868118286
66.0,1.4033730030059814,1.2974090576171875,0.10596393048763275
67.0,1.4029521942138672,1.3873836994171143,0.015568464063107967
68.0,1.3171279430389404,1.2992172241210938,0.017910689115524292
69.0,1.1244548559188843,1.0927797555923462,0.0316750705242157
70.0,0.9974602460861206,0.9475852251052856,0.04987504333257675
71.0,0.9859293699264526,0.9330307245254517,0.052898671478033066
72.0,0.9743989706039429,0.917822539806366,0.056576404720544815
73.0,0.9636131525039673,0.9028390049934387,0.06077411770820618
74.0,0.954180121421814,0.8889438509941101,0.06523626297712326
75.0,0.9460702538490295,0.876227617263794,0.06984265148639679
76.0,0.9390865564346313,0.864549458026886,0.07453708350658417
77.0,0.9330152273178101,0.8537184596061707,0.07929675281047821
78.0,0.9276655316352844,0.8435457348823547,0.08411981910467148
79.0,0.9228771924972534,0.8338586688041687,0.08901850879192352
80.0,0.9185166954994202,0.8245005011558533,0.09401620179414749
81.0,0.9144728183746338,0.8153285980224609,0.09914423525333405
82.0,0.9106510877609253,0.8062090873718262,0.10444202274084091
83.0,0.9069710969924927,0.7970169186592102,0.10995418578386307
84.0,0.9033619165420532,0.7876330018043518,0.11572891473770142
85.0,0.8997611999511719,0.777944028377533,0.1218172013759613
86.0,0.8961126804351807,0.7678458094596863,0.12826687097549438
87.0,0.8923656940460205,0.7572461366653442,0.13511958718299866
88.0,0.8884751796722412,0.746070921421051,0.14240425825119019
89.0,0.8844012022018433,0.7342727184295654,0.15012848377227783
90.0,0.8801082372665405,0.7218363285064697,0.1582719087600708
91.0,0.8755629062652588,0.7087852954864502,0.16677764058113098
92.0,0.8707309365272522,0.6951795816421509,0.1755513697862625
93.0,0.8655685186386108,0.681113600730896,0.18445491790771484
94.0,0.860014021396637,0.6667092442512512,0.19330476224422455
95.0,0.8539722561836243,0.6521176099777222,0.2018546462059021
96.0,0.8472902774810791,0.6375337839126587,0.20975647866725922
97.0,0.8396887183189392,0.623241126537323,0.2164475917816162
98.0,0.8304429650306702,0.6096977591514587,0.22074519097805023
99.0,0.8191911578178406,0.5982147455215454,0.22097641229629517
100.0,0.8090705871582031,0.5914075374603271,0.2176630198955536
101.0,0.8024673461914062,0.589077889919281,0.21338948607444763
102.0,0.7981669306755066,0.5886512994766235,0.20951563119888306
103.0,0.7950738668441772,0.5889329314231873,0.2061409056186676
104.0,0.7926501035690308,0.5894848108291626,0.20316532254219055
105.0,0.7906221151351929,0.5901241898536682,0.20049792528152466
106.0,0.788829505443573,0.5907654166221619,0.19806408882141113
107.0,0.78716641664505,0.5913611054420471,0.19580532610416412
108.0,0.7855550050735474,0.5918805599212646,0.1936744600534439
109.0,0.7839323878288269,0.5922982096672058,0.1916341632604599
110.0,0.7822425365447998,0.592586874961853,0.18965566158294678
111.0,0.7804316282272339,0.592715322971344,0.18771633505821228
112.0,0.7784460186958313,0.5926449298858643,0.18580108880996704
113.0,0.7762289643287659,0.5923293828964233,0.18389959633350372
114.0,0.7737227082252502,0.591715931892395,0.18200677633285522
115.0,0.7708697319030762,0.5907484292984009,0.1801212728023529
116.0,0.7676215171813965,0.5893742442131042,0.17824728786945343
117.0,0.763952374458313,0.587559163570404,0.17639324069023132
118.0,0.7598779201507568,0.5853050947189331,0.17457282543182373
119.0,0.7554672956466675,0.582663357257843,0.17280390858650208
120.0,0.7508248090744019,0.579727828502655,0.17109699547290802
121.0,0.7460357546806335,0.5765960216522217,0.16943973302841187
122.0,0.7411038875579834,0.5733293890953064,0.167774498462677
123.0,0.7359329462051392,0.5699495673179626,0.16598334908485413
124.0,0.7303377389907837,0.5664708614349365,0.16386687755584717
125.0,0.7240844964981079,0.5629659295082092,0.16111858189105988
126.0,0.7170334458351135,0.5596644878387451,0.15736894309520721
127.0,0.7095767259597778,0.5569711327552795,0.1526055932044983
128.0,0.7028607726097107,0.555014967918396,0.1478458046913147
129.0,0.6973820328712463,0.553265392780304,0.1441166251897812
130.0,0.6924434900283813,0.5510702729225159,0.14137320220470428
131.0,0.6872591972351074,0.547881007194519,0.13937819004058838
132.0,0.6813379526138306,0.5431596636772156,0.1381782740354538
133.0,0.674360990524292,0.5363203287124634,0.1380406767129898
134.0,0.6660223007202148,0.5266454815864563,0.13937680423259735
135.0,0.6559377908706665,0.513221800327301,0.14271599054336548
136.0,0.6436896324157715,0.49518150091171265,0.14850816130638123
137.0,0.6293283700942993,0.47252899408340454,0.15679937601089478
138.0,0.6140715479850769,0.44694533944129944,0.16712620854377747
139.0,0.599704384803772,0.4214450716972351,0.17825928330421448
140.0,0.5873253345489502,0.398227334022522,0.18909797072410583
141.0,0.577208936214447,0.3781728148460388,0.199036106467247
142.0,0.5690988302230835,0.36117440462112427,0.20792442560195923
143.0,0.5625854730606079,0.34674620628356934,0.2158392369747162
144.0,0.5572978258132935,0.33438271284103394,0.22291509807109833
145.0,0.5529448986053467,0.32366302609443665,0.22928188741207123
146.0,0.5493082404136658,0.3142584264278412,0.23504982888698578
147.0,0.5462229251861572,0.30591335892677307,0.24030953645706177
148.0,0.5435634851455688,0.2984270751476288,0.24513638019561768
149.0,0.5412331223487854,0.2916400134563446,0.249593123793602
150.0,0.539155125617981,0.28542229533195496,0.253732830286026
151.0,0.5372681021690369,0.2796681523323059,0.25759994983673096
152.0,0.5355210304260254,0.274288535118103,0.2612324655056
153.0,0.5338712930679321,0.26921045780181885,0.2646608054637909
154.0,0.5322809219360352,0.26437193155288696,0.2679089605808258
155.0,0.5307157039642334,0.259721577167511,0.2709941565990448
156.0,0.5291423797607422,0.25521668791770935,0.27392569184303284
157.0,0.5275274515151978,0.2508227527141571,0.27670469880104065
158.0,0.5258344411849976,0.2465120255947113,0.27932238578796387
159.0,0.5240204930305481,0.24226051568984985,0.28175997734069824
160.0,0.5220324993133545,0.2380438894033432,0.2839886248111725
161.0,0.5197972059249878,0.23382343351840973,0.28597378730773926
162.0,0.5172082185745239,0.22952018678188324,0.2876880466938019
163.0,0.514113187789917,0.22498397529125214,0.28912922739982605
164.0,0.5103737115859985,0.2200789451599121,0.2902947664260864
165.0,0.506220817565918,0.21522082388401031,0.29100000858306885
166.0,0.5025725364685059,0.21156173944473267,0.2910107970237732
167.0,0.49991750717163086,0.2092743217945099,0.29064318537712097
168.0,0.49795639514923096,0.2077234536409378,0.29023295640945435
169.0,0.49635404348373413,0.2064625471830368,0.28989148139953613
170.0,0.49491870403289795,0.20527058839797974,0.2896481156349182
171.0,0.49353694915771484,0.20402242243289948,0.28951454162597656
172.0,0.4921285808086395,0.20262780785560608,0.28950077295303345
173.0,0.4906267523765564,0.20100729167461395,0.28961944580078125
174.0,0.48896777629852295,0.19908197224140167,0.28988581895828247
175.0,0.48708587884902954,0.19677014648914337,0.29031574726104736
176.0,0.4849086403846741,0.19398599863052368,0.2909226417541504
177.0,0.48234960436820984,0.1906408667564392,0.29170873761177063
178.0,0.47928836941719055,0.1866421103477478,0.29264625906944275
179.0,0.4754943251609802,0.18186639249324799,0.29362791776657104
180.0,0.470479816198349,0.1758783459663391,0.2946014702320099
181.0,0.4649106562137604,0.16945186257362366,0.2954587936401367
182.0,0.45982640981674194,0.16211223602294922,0.2977141737937927
183.0,0.45722708106040955,0.15827766060829163,0.2989494204521179
184.0,0.4546999931335449,0.15531902015209198,0.29938095808029175
185.0,0.4521535038948059,0.15625232458114624,0.29590117931365967
186.0,0.4501696825027466,0.15529751777648926,0.2948721647262573
187.0,0.4480789601802826,0.15133193135261536,0.29674702882766724
188.0,0.4463661313056946,0.1497674584388733,0.2965986728668213
189.0,0.4448055326938629,0.14893633127212524,0.29586920142173767
190.0,0.44340819120407104,0.14763040840625763,0.2957777678966522
191.0,0.44202208518981934,0.14770305156707764,0.2943190336227417
192.0,0.44074738025665283,0.14649659395217896,0.2942507863044739
193.0,0.4396432340145111,0.14575782418251038,0.29388540983200073
194.0,0.4386875033378601,0.1449090540409088,0.2937784492969513
195.0,0.43776339292526245,0.1444236785173416,0.29333969950675964
196.0,0.4368863105773926,0.14377571642398834,0.29311060905456543
197.0,0.43607097864151,0.1433199793100357,0.2927509844303131
198.0,0.43534421920776367,0.1428460329771042,0.2924981713294983
199.0,0.4346896708011627,0.1425388753414154,0.2921507954597473
200.0,0.4341198205947876,0.14225296676158905,0.29186683893203735
201.0,0.4336128234863281,0.14206580817699432,0.291547030210495
202.0,0.4331766366958618,0.1419072300195694,0.2912694215774536
203.0,0.43279194831848145,0.14180994033813477,0.2909820079803467
204.0,0.43246108293533325,0.14173726737499237,0.2907238304615021
205.0,0.4321698248386383,0.14169588685035706,0.29047393798828125
206.0,0.4319171905517578,0.14167529344558716,0.29024189710617065
207.0,0.431693434715271,0.14166569709777832,0.2900277376174927
208.0,0.43149620294570923,0.14167188107967377,0.28982430696487427
209.0,0.4313187599182129,0.141676664352417,0.2896420955657959
210.0,0.43115830421447754,0.14169278740882874,0.2894655168056488
211.0,0.4310101866722107,0.14169926941394806,0.28931090235710144
212.0,0.4308711290359497,0.141715407371521,0.2891557216644287
213.0,0.4307381212711334,0.14171335101127625,0.2890247702598572
214.0,0.43060803413391113,0.14172381162643433,0.2888842225074768
215.0,0.430478036403656,0.14170461893081665,0.28877341747283936
216.0,0.4303452670574188,0.14170235395431519,0.28864291310310364
217.0,0.43020665645599365,0.1416579931974411,0.28854864835739136
218.0,0.43005913496017456,0.14162790775299072,0.28843122720718384
219.0,0.42989927530288696,0.1415507048368454,0.28834858536720276
220.0,0.4297226071357727,0.1414533108472824,0.2882692813873291
221.0,0.4295235276222229,0.14133405685424805,0.28818947076797485
222.0,0.42929139733314514,0.1410568654537201,0.28823453187942505
223.0,0.4290171265602112,0.14086057245731354,0.28815653920173645
224.0,0.42868852615356445,0.14039252698421478,0.28829601407051086
225.0,0.428292840719223,0.1401807963848114,0.2881120443344116
226.0,0.4278501570224762,0.1388554573059082,0.288994699716568
227.0,0.4273507297039032,0.1394675076007843,0.2878832221031189
228.0,0.42686378955841064,0.13884015381336212,0.2880236506462097
229.0,0.42646360397338867,0.13905774056911469,0.2874058783054352
230.0,0.42607033252716064,0.13879536092281342,0.28727495670318604
231.0,0.42572689056396484,0.13893039524555206,0.2867964804172516
232.0,0.42535650730133057,0.13882601261138916,0.2865304946899414
233.0,0.4250456690788269,0.13910365104675293,0.285942018032074
234.0,0.424711674451828,0.13868412375450134,0.28602755069732666
235.0,0.4243943691253662,0.13885413110256195,0.28554022312164307
236.0,0.42406296730041504,0.13856378197669983,0.2854991853237152
237.0,0.42370909452438354,0.138848215341568,0.28486087918281555
238.0,0.4233362674713135,0.13835160434246063,0.28498464822769165
239.0,0.42293065786361694,0.13983754813671112,0.28309309482574463
240.0,0.4225584864616394,0.14019924402236938,0.28235924243927
241.0,0.4222106635570526,0.14009585976600647,0.28211480379104614
242.0,0.42186111211776733,0.1403709053993225,0.2814902067184448
243.0,0.42148375511169434,0.1404867172241211,0.28099703788757324
244.0,0.4211570620536804,0.1404939442873001,0.2806631326675415
245.0,0.42081207036972046,0.1403585821390152,0.28045350313186646
246.0,0.4205009937286377,0.14031164348125458,0.2801893353462219
247.0,0.4201631546020508,0.1399747133255005,0.2801884412765503
248.0,0.4198579788208008,0.14001363515853882,0.27984434366226196
249.0,0.4195191562175751,0.13944527506828308,0.280073881149292
250.0,0.41922885179519653,0.13963046669960022,0.2795983850955963
251.0,0.4189019501209259,0.13891521096229553,0.27998673915863037
252.0,0.4186396598815918,0.13907301425933838,0.2795666456222534
253.0,0.41834914684295654,0.13840004801750183,0.2799490988254547
254.0,0.41810962557792664,0.13844478130340576,0.2796648442745209
255.0,0.4178473949432373,0.1378333568572998,0.2800140380859375
256.0,0.4176221489906311,0.1378234475851059,0.2797987163066864
257.0,0.4173787832260132,0.13722620904445648,0.2801525890827179
258.0,0.4171701967716217,0.1372109353542328,0.2799592614173889
259.0,0.4169491231441498,0.13661959767341614,0.28032952547073364
260.0,0.416762113571167,0.13661359250545502,0.2801485061645508
261.0,0.4165682792663574,0.1360759288072586,0.28049236536026
262.0,0.4164036214351654,0.13607534766197205,0.28032827377319336
263.0,0.41623640060424805,0.13563477993011475,0.2806016206741333
264.0,0.4160919189453125,0.13564838469028473,0.28044354915618896
265.0,0.4159476161003113,0.13531647622585297,0.2806311547756195
266.0,0.4158216118812561,0.13535566627979279,0.2804659605026245
267.0,0.4156986176967621,0.13512471318244934,0.28057390451431274
268.0,0.41559118032455444,0.13519002497196198,0.28040117025375366
269.0,0.4154885411262512,0.13504952192306519,0.28043901920318604
270.0,0.41539889574050903,0.13513129949569702,0.280267596244812
271.0,0.4153144359588623,0.13507556915283203,0.2802388668060303
272.0,0.4152396321296692,0.13515536487102509,0.2800842821598053
273.0,0.41516828536987305,0.13519492745399475,0.2799733579158783
274.0,0.4151023030281067,0.1352255493402481,0.2798767685890198
275.0,0.4150354564189911,0.1354818046092987,0.2795536518096924
276.0,0.41496551036834717,0.135301411151886,0.2796640992164612
277.0,0.41489100456237793,0.13588395714759827,0.27900704741477966
278.0,0.41480469703674316,0.13554596900939941,0.27925872802734375
279.0,0.4147246479988098,0.13579674065113068,0.27892789244651794
280.0,0.4146115481853485,0.13566377758979797,0.27894777059555054
281.0,0.41445302963256836,0.13540607690811157,0.2790469527244568
282.0,0.41429048776626587,0.1356489211320877,0.27864158153533936
283.0,0.41409868001937866,0.13539956510066986,0.2786991000175476
284.0,0.4139145612716675,0.1355585902929306,0.27835598587989807
285.0,0.4136984050273895,0.13537821173667908,0.27832019329071045
286.0,0.4134763479232788,0.1355772763490677,0.2778990864753723
287.0,0.4132162928581238,0.13539189100265503,0.27782440185546875
288.0,0.4129595160484314,0.13559536635875702,0.2773641347885132
289.0,0.4126661717891693,0.13536179065704346,0.27730438113212585
290.0,0.41239237785339355,0.13558028638362885,0.2768120765686035
291.0,0.4120914340019226,0.135320246219635,0.2767711877822876
292.0,0.4118264317512512,0.13556505739688873,0.2762613892555237
293.0,0.4115537703037262,0.1354067027568817,0.2761470675468445
294.0,0.41132134199142456,0.13564319908618927,0.2756781578063965
295.0,0.4110974669456482,0.1356392204761505,0.2754582464694977
296.0,0.41090407967567444,0.13588151335716248,0.27502256631851196
297.0,0.4107249975204468,0.1359701007604599,0.2747548818588257
298.0,0.4105675220489502,0.1362222582101822,0.2743452787399292
299.0,0.4104245901107788,0.1363460123538971,0.2740785777568817
300.0,0.4102973937988281,0.13659889996051788,0.27369850873947144
301.0,0.41018253564834595,0.13673488795757294,0.2734476625919342
302.0,0.41007864475250244,0.13697922229766846,0.273099422454834
303.0,0.4099840819835663,0.13711866736412048,0.2728654146194458
304.0,0.4098968207836151,0.13735109567642212,0.272545725107193
305.0,0.409816175699234,0.1374911665916443,0.2723250091075897
306.0,0.4097402095794678,0.13771255314350128,0.2720276713371277
307.0,0.40966925024986267,0.13785222172737122,0.27181702852249146
308.0,0.4096013903617859,0.13806374371051788,0.2715376615524292
309.0,0.4095371961593628,0.13820146024227142,0.2713357210159302
310.0,0.4094751477241516,0.13840343058109283,0.2710717022418976
311.0,0.4094151258468628,0.13853777945041656,0.2708773612976074
312.0,0.40935617685317993,0.1387302130460739,0.2706259489059448
313.0,0.4092981815338135,0.13886083662509918,0.2704373598098755
314.0,0.40923988819122314,0.1390441656112671,0.27019572257995605
315.0,0.4091811180114746,0.13917024433612823,0.27001088857650757
316.0,0.40912100672721863,0.1393461525440216,0.269774854183197
317.0,0.40905922651290894,0.13946492969989777,0.26959431171417236
318.0,0.4089955687522888,0.13963472843170166,0.26936084032058716
319.0,0.40892934799194336,0.1397414207458496,0.26918792724609375
320.0,0.40886080265045166,0.1399056762456894,0.2689551115036011
321.0,0.40878909826278687,0.1399933099746704,0.26879578828811646
322.0,0.40871524810791016,0.14015009999275208,0.2685651481151581
323.0,0.4086379408836365,0.14021143317222595,0.2684265077114105
324.0,0.4085583984851837,0.14035800099372864,0.2682003974914551
325.0,0.40847522020339966,0.14038418233394623,0.2680910527706146
326.0,0.4083900451660156,0.140516459941864,0.2678735852241516
327.0,0.40830105543136597,0.14049945771694183,0.26780158281326294
328.0,0.40821000933647156,0.14060869812965393,0.2676013112068176
329.0,0.4081149399280548,0.14054206013679504,0.26757287979125977
330.0,0.4080183804035187,0.14061599969863892,0.26740238070487976
331.0,0.407917320728302,0.14049436151981354,0.26742297410964966
332.0,0.4078153371810913,0.140519380569458,0.2672959566116333
333.0,0.4077093303203583,0.14033815264701843,0.26737117767333984
334.0,0.4076036810874939,0.1402994990348816,0.2673041820526123
335.0,0.40749603509902954,0.14006082713603973,0.2674351930618286
336.0,0.40739116072654724,0.139955073595047,0.26743608713150024
337.0,0.40728747844696045,0.13966988027095795,0.2676176130771637
338.0,0.4071893095970154,0.13950471580028534,0.26768457889556885
339.0,0.4070953130722046,0.13919730484485626,0.2678980231285095
340.0,0.40700891613960266,0.13899192214012146,0.2680169939994812
341.0,0.4069284200668335,0.13869135081768036,0.26823705434799194
342.0,0.40685516595840454,0.1384662240743637,0.268388956785202
343.0,0.4067872166633606,0.13819438219070435,0.26859283447265625
344.0,0.4067252278327942,0.13795901834964752,0.2687661945819855
345.0,0.40666663646698,0.13773125410079956,0.2689353823661804
346.0,0.4066115915775299,0.13747945427894592,0.269132137298584
347.0,0.4065577983856201,0.1373233050107956,0.26923447847366333
348.0,0.4065053462982178,0.13702702522277832,0.26947832107543945
349.0,0.40645110607147217,0.13704639673233032,0.26940470933914185
350.0,0.4063957929611206,0.1366504579782486,0.2697453200817108
351.0,0.40633702278137207,0.13688994944095612,0.26944708824157715
352.0,0.4062759578227997,0.13639497756958008,0.2698809802532196
353.0,0.4062243700027466,0.13625003397464752,0.26997435092926025
354.0,0.4061742126941681,0.13600611686706543,0.27016809582710266
355.0,0.4061262905597687,0.13583847880363464,0.27028781175613403
356.0,0.40608057379722595,0.13563716411590576,0.2704434096813202
357.0,0.40603816509246826,0.1354953646659851,0.27054280042648315
358.0,0.40599891543388367,0.1353294849395752,0.27066943049430847
359.0,0.40596315264701843,0.13521888852119446,0.270744264125824
360.0,0.40593066811561584,0.13509029150009155,0.2708403766155243
361.0,0.40590155124664307,0.13501065969467163,0.27089089155197144
362.0,0.4058753550052643,0.1349164843559265,0.27095887064933777
363.0,0.4058522880077362,0.13486239314079285,0.27098989486694336
364.0,0.40583181381225586,0.13479755818843842,0.27103424072265625
365.0,0.4058135151863098,0.13476498425006866,0.27104854583740234
366.0,0.4057973027229309,0.13472335040569305,0.27107393741607666
367.0,0.40578269958496094,0.134706512093544,0.27107617259025574
368.0,0.4057696461677551,0.13468165695667267,0.27108800411224365
369.0,0.4057579040527344,0.13467659056186676,0.2710813283920288
370.0,0.40574732422828674,0.1346641182899475,0.27108320593833923
371.0,0.40573734045028687,0.13466696441173553,0.2710703909397125
372.0,0.405728280544281,0.1346631497144699,0.2710651159286499
373.0,0.40571945905685425,0.13467130064964294,0.2710481584072113
374.0,0.4057110846042633,0.13467317819595337,0.27103790640830994
375.0,0.40570300817489624,0.13468490540981293,0.2710180878639221
376.0,0.40569472312927246,0.1346902996301651,0.27100443840026855
377.0,0.40568655729293823,0.13470442593097687,0.27098214626312256
378.0,0.4056781828403473,0.13471174240112305,0.27096644043922424
379.0,0.40566959977149963,0.13472750782966614,0.2709420919418335
380.0,0.4056605100631714,0.13473451137542725,0.27092599868774414
381.0,0.4056510031223297,0.134751558303833,0.2708994448184967
382.0,0.40564075112342834,0.13475456833839417,0.2708861827850342
383.0,0.40562987327575684,0.134774312376976,0.27085554599761963
384.0,0.4056178331375122,0.1347588449716568,0.2708590030670166
385.0,0.40560469031333923,0.1347889006137848,0.27081578969955444
386.0,0.40558940172195435,0.13466554880142212,0.2709238529205322
387.0,0.40557196736335754,0.13471809029579163,0.2708538770675659
388.0,0.40554940700531006,0.13423676788806915,0.2713126242160797
389.0,0.40552642941474915,0.13427910208702087,0.27124732732772827
390.0,0.4055027365684509,0.1342468410730362,0.27125588059425354
391.0,0.4054691195487976,0.13461364805698395,0.27085548639297485
392.0,0.40544265508651733,0.13454842567443848,0.27089422941207886
393.0,0.4054107964038849,0.13458138704299927,0.2708294093608856
394.0,0.40537452697753906,0.13454052805900574,0.2708339989185333
395.0,0.40533554553985596,0.13455091416835785,0.2707846462726593
396.0,0.4052942991256714,0.13453084230422974,0.27076345682144165
397.0,0.405251681804657,0.13454021513462067,0.2707114815711975
398.0,0.40520837903022766,0.13452968001365662,0.27067869901657104
399.0,0.4051652252674103,0.13453561067581177,0.2706296145915985
400.0,0.4051229953765869,0.1345285028219223,0.2705944776535034
401.0,0.4050838351249695,0.1345285177230835,0.270555317401886
402.0,0.40504658222198486,0.1345159411430359,0.270530641078949
403.0,0.40501320362091064,0.13450443744659424,0.2705087661743164
404.0,0.404981791973114,0.13448242843151093,0.2704993486404419
405.0,0.4049539268016815,0.13445797562599182,0.2704959511756897
406.0,0.40492796897888184,0.13442672789096832,0.2705012261867523
407.0,0.4049050807952881,0.13439373672008514,0.27051132917404175
408.0,0.4048839807510376,0.1343563050031662,0.2705276608467102
409.0,0.4048653542995453,0.13432064652442932,0.27054470777511597
410.0,0.4048481583595276,0.13428257405757904,0.27056556940078735
411.0,0.4048328697681427,0.13424929976463318,0.2705835700035095
412.0,0.40481871366500854,0.134214386343956,0.27060431241989136
413.0,0.4048057794570923,0.13418667018413544,0.27061909437179565
414.0,0.40479370951652527,0.13415822386741638,0.2706354856491089
415.0,0.40478265285491943,0.13413770496845245,0.2706449627876282
416.0,0.40477192401885986,0.13411763310432434,0.2706542909145355
417.0,0.4047619700431824,0.1341051459312439,0.2706568241119385
418.0,0.40475228428840637,0.1340952217578888,0.2706570625305176
419.0,0.4047427773475647,0.13409124314785004,0.27065154910087585
420.0,0.40473324060440063,0.13409185409545898,0.27064138650894165
421.0,0.404723584651947,0.13409435749053955,0.27062922716140747
422.0,0.4047129452228546,0.13411593437194824,0.27059701085090637
423.0,0.40470123291015625,0.13412339985370636,0.2705778479576111
424.0,0.40468430519104004,0.1342763602733612,0.27040794491767883
425.0,0.40466248989105225,0.13432450592517853,0.2703379988670349
426.0,0.4046359360218048,0.13433510065078735,0.27030083537101746
427.0,0.4046151041984558,0.1343628466129303,0.2702522575855255
428.0,0.4045918583869934,0.13441956043243408,0.2701722979545593
429.0,0.40456682443618774,0.1344766765832901,0.27009016275405884
430.0,0.4045405387878418,0.1345335990190506,0.2700069546699524
431.0,0.40451377630233765,0.13456609845161438,0.26994767785072327
432.0,0.4044874310493469,0.13464149832725525,0.2698459327220917
433.0,0.40446245670318604,0.13467489182949066,0.26978757977485657
434.0,0.4044390916824341,0.13474322855472565,0.26969587802886963
435.0,0.40441784262657166,0.1347734034061432,0.26964443922042847
436.0,0.40439897775650024,0.13482844829559326,0.269570529460907
437.0,0.4043824374675751,0.13485708832740784,0.26952534914016724
438.0,0.40436822175979614,0.13489443063735962,0.2694737911224365
439.0,0.40435585379600525,0.13491979241371155,0.2694360613822937
440.0,0.40434470772743225,0.134944885969162,0.26939982175827026
441.0,0.40433448553085327,0.13496868312358856,0.2693658173084259
442.0,0.4043249189853668,0.13498327136039734,0.2693416476249695
443.0,0.40431511402130127,0.13501004874706268,0.2693050503730774
444.0,0.40430527925491333,0.13501544296741486,0.26928985118865967
445.0,0.40429484844207764,0.1350478231906891,0.26924702525138855
446.0,0.4042840003967285,0.13504578173160553,0.2692382335662842
447.0,0.4042723774909973,0.13508202135562897,0.26919037103652954
448.0,0.4042604863643646,0.13508489727973938,0.26917558908462524
449.0,0.4042479991912842,0.13510432839393616,0.269143670797348
450.0,0.40423524379730225,0.1351308375597,0.2691044211387634
451.0,0.4042222797870636,0.13511595129966736,0.26910632848739624
452.0,0.4042094051837921,0.13516005873680115,0.26904934644699097
453.0,0.4041963815689087,0.13512718677520752,0.26906919479370117
454.0,0.40418338775634766,0.13516265153884888,0.2690207362174988
455.0,0.4041699171066284,0.1351194828748703,0.2690504193305969
456.0,0.404155969619751,0.13515077531337738,0.2690051794052124
457.0,0.4041409492492676,0.135079026222229,0.2690619230270386
458.0,0.404125452041626,0.13511960208415985,0.26900583505630493
459.0,0.40410900115966797,0.13500411808490753,0.26910489797592163
460.0,0.4040921926498413,0.13505665957927704,0.26903554797172546
461.0,0.4040747880935669,0.13488952815532684,0.26918524503707886
462.0,0.4040571451187134,0.13495783507823944,0.26909932494163513
463.0,0.40403807163238525,0.13471446931362152,0.2693236172199249
464.0,0.4040181636810303,0.13478808104991913,0.26923006772994995
465.0,0.4039984345436096,0.13472980260849,0.26926863193511963
466.0,0.4039817750453949,0.13460639119148254,0.26937538385391235
467.0,0.40396615862846375,0.13456740975379944,0.2693987488746643
468.0,0.4039520025253296,0.13447822630405426,0.2694737911224365
469.0,0.40393736958503723,0.13443082571029663,0.2695065438747406
470.0,0.40392225980758667,0.13435737788677216,0.2695648968219757
471.0,0.4039057195186615,0.1343197524547577,0.2695859670639038
472.0,0.40388810634613037,0.1342323273420334,0.2696557641029358
473.0,0.40386900305747986,0.1342196762561798,0.26964932680130005
474.0,0.40384912490844727,0.13410520553588867,0.2697439193725586
475.0,0.40382808446884155,0.13413822650909424,0.2696898579597473
476.0,0.40380632877349854,0.1339995265007019,0.26980680227279663
477.0,0.40378373861312866,0.134085550904274,0.2696981728076935
478.0,0.40376079082489014,0.13393695652484894,0.2698238492012024
479.0,0.403735876083374,0.1341462880373001,0.2695896029472351
480.0,0.4037100374698639,0.133981853723526,0.2697281837463379
481.0,0.4036865532398224,0.13396602869033813,0.26972052454948425
482.0,0.40366315841674805,0.13393962383270264,0.2697235345840454
483.0,0.40364110469818115,0.13388550281524658,0.26975560188293457
484.0,0.40362071990966797,0.1338740587234497,0.26974666118621826
485.0,0.4036027193069458,0.13383935391902924,0.26976335048675537
486.0,0.40358591079711914,0.13382430374622345,0.2697616219520569
487.0,0.403570294380188,0.13379329442977905,0.26977699995040894
488.0,0.4035554528236389,0.13377827405929565,0.26977717876434326
489.0,0.40354123711586,0.13373830914497375,0.26980292797088623
490.0,0.40352773666381836,0.1337294578552246,0.26979827880859375
491.0,0.4035150408744812,0.13369441032409668,0.2698206305503845
492.0,0.4035032391548157,0.13368506729602814,0.26981818675994873
493.0,0.4034920334815979,0.13365109264850616,0.26984095573425293
494.0,0.4034813940525055,0.13364413380622864,0.26983726024627686
495.0,0.4034714102745056,0.1336134523153305,0.2698579728603363
496.0,0.4034616947174072,0.1336074024438858,0.2698543071746826
497.0,0.4034523069858551,0.1335780918598175,0.2698742151260376
498.0,0.40344303846359253,0.13357383012771606,0.26986920833587646
499.0,0.40343400835990906,0.13354521989822388,0.2698887884616852
500.0,0.40342485904693604,0.13354434072971344,0.2698805332183838
501.0,0.40341562032699585,0.13351505994796753,0.2699005603790283
502.0,0.40340614318847656,0.1335190087556839,0.26988714933395386
503.0,0.4033963680267334,0.13348710536956787,0.2699092626571655
504.0,0.4033862054347992,0.13349968194961548,0.2698865234851837
505.0,0.40337544679641724,0.13346046209335327,0.26991498470306396
506.0,0.40336406230926514,0.13348984718322754,0.2698742151260376
507.0,0.4033517837524414,0.13343314826488495,0.26991862058639526
508.0,0.40333861112594604,0.13349412381649017,0.2698444724082947
509.0,0.4033236503601074,0.13339991867542267,0.26992374658584595
510.0,0.4033076763153076,0.13350850343704224,0.2697991728782654
511.0,0.403289794921875,0.13343580067157745,0.26985397934913635
512.0,0.4032716751098633,0.133544459939003,0.2697272002696991
513.0,0.4032508134841919,0.13357014954090118,0.2696806788444519
514.0,0.40323203802108765,0.13360315561294556,0.2696288824081421
515.0,0.40321072936058044,0.13368776440620422,0.2695229649543762
516.0,0.4031906723976135,0.13368694484233856,0.26950371265411377
517.0,0.403168261051178,0.13380111753940582,0.26936715841293335
518.0,0.403147429227829,0.1337818205356598,0.2693656086921692
519.0,0.40312474966049194,0.1339005082845688,0.26922422647476196
520.0,0.40310361981391907,0.1338808834552765,0.2692227363586426
521.0,0.40308135747909546,0.133974090218544,0.26910725235939026
522.0,0.40306103229522705,0.13398274779319763,0.2690782845020294
523.0,0.4030393362045288,0.13400574028491974,0.26903361082077026
524.0,0.4030197262763977,0.1341177225112915,0.2689020037651062
525.0,0.4029983878135681,0.13403445482254028,0.26896393299102783
526.0,0.40298229455947876,0.1341673582792282,0.26881492137908936
527.0,0.40296709537506104,0.13411910831928253,0.2688479721546173
528.0,0.4029540717601776,0.13418933749198914,0.2687647342681885
529.0,0.40294149518013,0.13415011763572693,0.2687913775444031
530.0,0.4029292166233063,0.13420787453651428,0.268721342086792
531.0,0.40291833877563477,0.13416869938373566,0.2687496542930603
532.0,0.4029082655906677,0.1341916173696518,0.26871663331985474
533.0,0.40289998054504395,0.13418464362621307,0.2687153220176697
534.0,0.40289241075515747,0.13417164981365204,0.26872074604034424
535.0,0.4028860926628113,0.1341806799173355,0.2687053978443146
536.0,0.4028797745704651,0.13416726887226105,0.26871249079704285
537.0,0.40287381410598755,0.13418234884738922,0.2686914801597595
538.0,0.4028656482696533,0.1341743767261505,0.2686912715435028
539.0,0.40285366773605347,0.13423578441143036,0.2686178684234619
540.0,0.40284019708633423,0.13416962325572968,0.26867055892944336
541.0,0.4028264880180359,0.13422280550003052,0.26860368251800537
542.0,0.40281227231025696,0.13421830534934998,0.268593966960907
543.0,0.4027964472770691,0.13425248861312866,0.26854395866394043
544.0,0.40277746319770813,0.13415321707725525,0.2686242461204529
545.0,0.40275534987449646,0.1342071294784546,0.26854822039604187
546.0,0.40272918343544006,0.13419923186302185,0.2685299515724182
547.0,0.4027078151702881,0.13416898250579834,0.26853883266448975
548.0,0.40268445014953613,0.1342218667268753,0.268462598323822
549.0,0.4026638865470886,0.13417570292949677,0.26848816871643066
550.0,0.40264132618904114,0.1342376172542572,0.26840370893478394
551.0,0.40262115001678467,0.13418106734752655,0.2684400677680969
552.0,0.4025999903678894,0.13425490260124207,0.26834508776664734
553.0,0.402582049369812,0.13419601321220398,0.26838603615760803
554.0,0.40256398916244507,0.13426318764686584,0.2683008015155792
555.0,0.4025494456291199,0.13423116505146027,0.2683182954788208
556.0,0.40253549814224243,0.13425667583942413,0.2682788372039795
557.0,0.4025232195854187,0.13429035246372223,0.2682328522205353
558.0,0.40251195430755615,0.13423854112625122,0.26827341318130493
559.0,0.40250253677368164,0.134311243891716,0.26819127798080444
560.0,0.40249478816986084,0.1342460960149765,0.26824867725372314
561.0,0.40248680114746094,0.13427896797657013,0.268207848072052
562.0,0.4024798274040222,0.1342313140630722,0.2682484984397888
563.0,0.4024730324745178,0.13423728942871094,0.2682357430458069
564.0,0.40246671438217163,0.13420619070529938,0.26826053857803345
565.0,0.40246081352233887,0.13419829308986664,0.26826250553131104
566.0,0.4024549722671509,0.13416509330272675,0.26828986406326294
567.0,0.40244928002357483,0.1341572105884552,0.26829206943511963
568.0,0.40244364738464355,0.13411293923854828,0.2683306932449341
569.0,0.4024381637573242,0.13411013782024384,0.2683280110359192
570.0,0.40243273973464966,0.13406206667423248,0.26837068796157837
571.0,0.402427613735199,0.1340581774711609,0.2683694362640381
572.0,0.4024226665496826,0.13401150703430176,0.26841115951538086
573.0,0.40241777896881104,0.13400471210479736,0.26841306686401367
574.0,0.402413010597229,0.1339554339647293,0.2684575915336609
575.0,0.4024081230163574,0.13394886255264282,0.2684592604637146
576.0,0.4024031162261963,0.13389475643634796,0.2685083746910095
577.0,0.40239793062210083,0.13388854265213013,0.2685093879699707
578.0,0.4023923873901367,0.13383567333221436,0.26855671405792236
579.0,0.40238600969314575,0.13382351398468018,0.2685624957084656
580.0,0.40237945318222046,0.13380111753940582,0.26857832074165344
581.0,0.4023711681365967,0.13364732265472412,0.26872384548187256
582.0,0.40236395597457886,0.13363604247570038,0.2687278985977173
583.0,0.40235602855682373,0.13363952934741974,0.2687165141105652
584.0,0.4023471176624298,0.1335814893245697,0.2687656283378601
585.0,0.40233737230300903,0.13361148536205292,0.2687258720397949
586.0,0.4023267328739166,0.13354995846748352,0.2687767744064331
587.0,0.40231549739837646,0.1335785835981369,0.26873692870140076
588.0,0.4023035168647766,0.1335299015045166,0.26877361536026
589.0,0.4022905230522156,0.13356833159923553,0.26872217655181885
590.0,0.4022762179374695,0.13349084556102753,0.26878535747528076
591.0,0.402260422706604,0.13360552489757538,0.26865488290786743
592.0,0.4022437334060669,0.13348525762557983,0.26875847578048706
593.0,0.4022252559661865,0.1336309164762497,0.268594354391098
594.0,0.4022064805030823,0.13352571427822113,0.26868075132369995
595.0,0.4021894931793213,0.13359075784683228,0.268598735332489
596.0,0.4021749794483185,0.13360372185707092,0.26857125759124756
597.0,0.40215837955474854,0.1336071938276291,0.26855117082595825
598.0,0.40213608741760254,0.1338033825159073,0.26833269000053406
599.0,0.40211647748947144,0.133807972073555,0.26830849051475525
600.0,0.40209710597991943,0.1338689625263214,0.268228143453598
601.0,0.4020768105983734,0.13386806845664978,0.26820874214172363
602.0,0.40205517411231995,0.13396209478378296,0.268093079328537
603.0,0.402032732963562,0.13396330177783966,0.26806944608688354
604.0,0.40201127529144287,0.13397778570652008,0.268033504486084
605.0,0.401991069316864,0.13411541283130646,0.26787567138671875
606.0,0.4019721448421478,0.13405761122703552,0.2679145336151123
607.0,0.40195560455322266,0.1341777890920639,0.26777780055999756
608.0,0.40194106101989746,0.13416163623332977,0.2677794098854065
609.0,0.4019275903701782,0.13422536849975586,0.26770222187042236
610.0,0.40191471576690674,0.13421402871608734,0.2677006721496582
611.0,0.40190210938453674,0.13425853848457336,0.2676435708999634
612.0,0.4018898010253906,0.13424162566661835,0.26764819025993347
613.0,0.4018774926662445,0.13427558541297913,0.2676019072532654
614.0,0.4018658399581909,0.1342642456293106,0.2676016092300415
615.0,0.40185460448265076,0.13427600264549255,0.2675786018371582
616.0,0.4018441140651703,0.13427814841270447,0.2675659656524658
617.0,0.40183407068252563,0.13425980508327484,0.2675742506980896
618.0,0.4018247723579407,0.13427644968032837,0.2675483226776123
619.0,0.4018162488937378,0.1342417597770691,0.2675744891166687
620.0,0.4018082916736603,0.13425591588020325,0.26755237579345703
621.0,0.4018007218837738,0.13421890139579773,0.2675818204879761
622.0,0.40179282426834106,0.1342352032661438,0.26755762100219727
623.0,0.4017843008041382,0.1341937929391861,0.2675905227661133
624.0,0.4017753601074219,0.13420724868774414,0.26756811141967773
625.0,0.40176552534103394,0.134165957570076,0.26759955286979675
626.0,0.40175503492355347,0.13416123390197754,0.2675938010215759
627.0,0.4017438590526581,0.1341363787651062,0.2676074802875519
628.0,0.4017322063446045,0.1340951770544052,0.2676370441913605
629.0,0.40172040462493896,0.13410533964633942,0.26761507987976074
630.0,0.40170812606811523,0.1340237706899643,0.26768434047698975
631.0,0.40169572830200195,0.13407154381275177,0.2676241993904114
632.0,0.4016834497451782,0.13397668302059174,0.2677067518234253
633.0,0.4016716778278351,0.1340138018131256,0.2676578760147095
634.0,0.40165966749191284,0.13394641876220703,0.2677132487297058
635.0,0.40164726972579956,0.1339551955461502,0.26769208908081055
636.0,0.40163367986679077,0.13390521705150604,0.26772844791412354
637.0,0.4016188979148865,0.1339217871427536,0.26769712567329407
638.0,0.40160369873046875,0.1338493525981903,0.26775434613227844
639.0,0.40158671140670776,0.13391999900341034,0.26766669750213623
640.0,0.40156832337379456,0.13384351134300232,0.26772481203079224
641.0,0.40154898166656494,0.13393636047840118,0.26761263608932495
642.0,0.4015269875526428,0.1338592767715454,0.2676677107810974
643.0,0.4015050530433655,0.13393960893154144,0.26756542921066284
644.0,0.40147891640663147,0.13389691710472107,0.2675819993019104
645.0,0.4014548659324646,0.13395538926124573,0.26749947667121887
646.0,0.40142637491226196,0.13395898044109344,0.2674673795700073
647.0,0.4014029800891876,0.1339845359325409,0.26741844415664673
648.0,0.401375412940979,0.13400129973888397,0.26737409830093384
649.0,0.40135079622268677,0.13400064408779144,0.2673501670360565
650.0,0.40132051706314087,0.1340635120868683,0.2672570049762726
651.0,0.4012964069843292,0.13399091362953186,0.26730549335479736
652.0,0.4012684226036072,0.13410307466983795,0.26716533303260803
653.0,0.4012463092803955,0.13395433127880096,0.26729196310043335
654.0,0.40121978521347046,0.13422557711601257,0.2669942080974579
655.0,0.4011925458908081,0.13396064937114716,0.26723188161849976
656.0,0.40117108821868896,0.13403207063674927,0.2671390175819397
657.0,0.40114909410476685,0.13412253558635712,0.2670265734195709
658.0,0.4011305570602417,0.13407056033611298,0.2670600116252899
659.0,0.40111052989959717,0.13416695594787598,0.2669435739517212
660.0,0.40109413862228394,0.1341504454612732,0.26694369316101074
661.0,0.401075541973114,0.1342400461435318,0.2668355107307434
662.0,0.4010571241378784,0.1341770738363266,0.2668800354003906
663.0,0.4010339379310608,0.1344202160835266,0.2666137218475342
664.0,0.40100985765457153,0.13423678278923035,0.2667730748653412
665.0,0.4009912610054016,0.13435733318328857,0.26663392782211304
666.0,0.40097445249557495,0.13420943915843964,0.2667649984359741
667.0,0.4009559154510498,0.13435453176498413,0.2666013836860657
668.0,0.40094172954559326,0.13435481488704681,0.26658689975738525
669.0,0.4009290635585785,0.13427957892417908,0.2666494846343994
670.0,0.4009172320365906,0.13444574177265167,0.2664715051651001
671.0,0.40090852975845337,0.13438604772090912,0.26652246713638306
672.0,0.40090006589889526,0.1344643086194992,0.26643577218055725
673.0,0.40089190006256104,0.13444660604000092,0.2664452791213989
674.0,0.40088343620300293,0.13450472056865692,0.2663787007331848
675.0,0.40087491273880005,0.13449466228485107,0.266380250453949
676.0,0.40086621046066284,0.13454677164554596,0.2663194239139557
677.0,0.40085726976394653,0.13453595340251923,0.2663213014602661
678.0,0.40084806084632874,0.1345861256122589,0.2662619352340698
679.0,0.40083879232406616,0.13457296788692474,0.2662658393383026
680.0,0.400829553604126,0.1346212774515152,0.266208291053772
681.0,0.40082019567489624,0.13460513949394226,0.266215056180954
682.0,0.4008108675479889,0.13465067744255066,0.26616019010543823
683.0,0.40080147981643677,0.13463358581066132,0.26616787910461426
684.0,0.40079209208488464,0.1346740424633026,0.26611804962158203
685.0,0.4007827043533325,0.13465701043605804,0.2661256790161133
686.0,0.4007730185985565,0.1346937119960785,0.266079306602478
687.0,0.4007629156112671,0.13467593491077423,0.26608696579933167
688.0,0.4007527232170105,0.13471119105815887,0.2660415470600128
689.0,0.4007423520088196,0.13469134271144867,0.2660509943962097
690.0,0.4007316827774048,0.1347222924232483,0.2660093903541565
691.0,0.4007207751274109,0.134710893034935,0.2660098671913147
692.0,0.40070652961730957,0.13470984995365143,0.26599669456481934
693.0,0.4006912112236023,0.13473960757255554,0.26595160365104675
694.0,0.4006766080856323,0.13472367823123932,0.2659529447555542
695.0,0.4006614089012146,0.13473594188690186,0.26592546701431274
696.0,0.40064558386802673,0.13472232222557068,0.26592326164245605
697.0,0.40062934160232544,0.13472320139408112,0.26590612530708313
698.0,0.40061262249946594,0.1347045600414276,0.26590806245803833
699.0,0.4005957841873169,0.1346951276063919,0.2659006416797638
700.0,0.40057846903800964,0.13466688990592957,0.2659115791320801
701.0,0.40056049823760986,0.13464996218681335,0.2659105360507965
702.0,0.40054136514663696,0.13460494577884674,0.2659364342689514
703.0,0.4005216360092163,0.13460402190685272,0.2659175992012024
704.0,0.4005003571510315,0.13450460135936737,0.26599574089050293
705.0,0.40047985315322876,0.13455097377300262,0.26592886447906494
706.0,0.4004592299461365,0.13440059125423431,0.26605862379074097
707.0,0.4004398286342621,0.13445010781288147,0.2659897208213806
708.0,0.40042102336883545,0.1343231201171875,0.26609790325164795
709.0,0.4004032611846924,0.1343338042497635,0.2660694420337677
710.0,0.400385320186615,0.1342436671257019,0.2661416530609131
711.0,0.4003675580024719,0.1342347264289856,0.26613283157348633
712.0,0.4003482460975647,0.13417260348796844,0.26617562770843506
713.0,0.4003278911113739,0.13415566086769104,0.26617223024368286
714.0,0.4003055691719055,0.13409580290317535,0.26620978116989136
715.0,0.40028175711631775,0.13407495617866516,0.2662068009376526
716.0,0.4002569019794464,0.13400325179100037,0.26625365018844604
717.0,0.4002317190170288,0.1339750587940216,0.2662566602230072
718.0,0.4002061188220978,0.13392630219459534,0.26627981662750244
719.0,0.40018123388290405,0.13387233018875122,0.26630890369415283
720.0,0.4001557528972626,0.13389399647712708,0.2662617564201355
721.0,0.4001314640045166,0.13374444842338562,0.266387015581131
722.0,0.40010496973991394,0.13397252559661865,0.2661324441432953
723.0,0.40007829666137695,0.13359542191028595,0.2664828896522522
724.0,0.40005314350128174,0.13374269008636475,0.266310453414917
725.0,0.40003126859664917,0.1336321234703064,0.2663991451263428
726.0,0.40000981092453003,0.13368944823741913,0.2663203477859497
727.0,0.39998918771743774,0.13367755711078644,0.2663116455078125
728.0,0.3999698758125305,0.13369472324848175,0.26627516746520996
729.0,0.3999510109424591,0.13373109698295593,0.2662199139595032
730.0,0.3999330401420593,0.13372260332107544,0.2662104368209839
731.0,0.3999147117137909,0.13378611207008362,0.2661285996437073
732.0,0.39989686012268066,0.13374166190624237,0.2661551833152771
733.0,0.3998781144618988,0.13386878371238708,0.2660093307495117
734.0,0.399860143661499,0.13377249240875244,0.2660876512527466
735.0,0.3998414874076843,0.13393646478652954,0.2659050226211548
736.0,0.3998239040374756,0.13381952047348022,0.26600438356399536
737.0,0.3998051583766937,0.13397684693336487,0.26582831144332886
738.0,0.3997875452041626,0.13389378786087036,0.26589375734329224
739.0,0.399769127368927,0.13403575122356415,0.26573336124420166
740.0,0.39975130558013916,0.13400642573833466,0.2657448947429657
741.0,0.3997343182563782,0.13408245146274567,0.2656518816947937
742.0,0.3997185230255127,0.13415534794330597,0.26556316018104553
743.0,0.39970308542251587,0.13415606319904327,0.2655470371246338
744.0,0.3996872901916504,0.134296253323555,0.2653910219669342
745.0,0.39967119693756104,0.1342221051454544,0.2654491066932678
746.0,0.3996541500091553,0.13439840078353882,0.26525574922561646
747.0,0.3996390402317047,0.13435682654380798,0.26528221368789673
748.0,0.39962345361709595,0.13447238504886627,0.26515108346939087
749.0,0.3996089994907379,0.1344822645187378,0.2651267349720001
750.0,0.3995949327945709,0.13457241654396057,0.26502251625061035
751.0,0.3995820879936218,0.13460604846477509,0.26497602462768555
752.0,0.39957040548324585,0.13467447459697723,0.2648959457874298
753.0,0.3995598554611206,0.13472683727741241,0.2648330330848694
754.0,0.39955031871795654,0.13476358354091644,0.2647867202758789
755.0,0.3995417654514313,0.1348424255847931,0.2646993398666382
756.0,0.39953362941741943,0.1348099708557129,0.26472365856170654
757.0,0.39952585101127625,0.13494375348091125,0.264582097530365
758.0,0.39951810240745544,0.13487598299980164,0.2646421194076538
759.0,0.3995082974433899,0.13497135043144226,0.26453694701194763
760.0,0.3995015025138855,0.13506567478179932,0.2644358277320862
761.0,0.39949488639831543,0.13504381477832794,0.2644510865211487
762.0,0.3994876444339752,0.1351463496685028,0.2643412947654724
763.0,0.3994802236557007,0.13514722883701324,0.26433300971984863
764.0,0.3994724452495575,0.1352275013923645,0.264244943857193
765.0,0.3994642496109009,0.13524848222732544,0.26421576738357544
766.0,0.39945554733276367,0.13532115519046783,0.26413440704345703
767.0,0.39944642782211304,0.13535544276237488,0.26409098505973816
768.0,0.399436891078949,0.13542039692401886,0.2640164792537689
769.0,0.39942705631256104,0.13547158241271973,0.2639554738998413
770.0,0.39941683411598206,0.13552162051200867,0.2638952136039734
771.0,0.3994061052799225,0.135588139295578,0.2638179659843445
772.0,0.3993948996067047,0.13562193512916565,0.26377296447753906
773.0,0.3993830382823944,0.13570180535316467,0.26368123292922974
774.0,0.39937055110931396,0.13571381568908691,0.26365673542022705
775.0,0.3993568420410156,0.13580764830112457,0.26354920864105225
776.0,0.39934325218200684,0.13579684495925903,0.2635464072227478
777.0,0.39932823181152344,0.13589094579219818,0.26343730092048645
778.0,0.39931362867355347,0.1358773112297058,0.26343631744384766
779.0,0.39929822087287903,0.13594016432762146,0.26335805654525757
780.0,0.399283230304718,0.13596297800540924,0.2633202373981476
781.0,0.3992680013179779,0.13594135642051697,0.26332664489746094
782.0,0.39925235509872437,0.13606134057044983,0.26319101452827454
783.0,0.39923790097236633,0.13595950603485107,0.26327839493751526
784.0,0.3992249667644501,0.13604354858398438,0.2631814181804657
785.0,0.39921337366104126,0.13598568737506866,0.2632276713848114
786.0,0.3992016911506653,0.13603346049785614,0.26316821575164795
787.0,0.3991898000240326,0.13595637679100037,0.2632334232330322
788.0,0.3991759717464447,0.13599196076393127,0.2631840109825134
789.0,0.39916184544563293,0.1359148919582367,0.26324695348739624
790.0,0.39914876222610474,0.1358938366174698,0.26325494050979614
791.0,0.3991364538669586,0.13587543368339539,0.26326102018356323
792.0,0.3991251289844513,0.13582131266593933,0.26330381631851196
793.0,0.39911365509033203,0.13581465184688568,0.26329898834228516
794.0,0.39910265803337097,0.13574227690696716,0.2633603811264038
795.0,0.39909133315086365,0.1357308328151703,0.26336050033569336
796.0,0.39908021688461304,0.13564763963222504,0.2634325623512268
797.0,0.3990688920021057,0.13562409579753876,0.26344481110572815
798.0,0.39905792474746704,0.13553684949874878,0.26352107524871826
799.0,0.39904674887657166,0.1355016529560089,0.26354509592056274
800.0,0.39903587102890015,0.13541202247142792,0.26362383365631104
801.0,0.399025022983551,0.13536980748176575,0.2636552155017853
802.0,0.39901480078697205,0.13527816534042358,0.26373663544654846
803.0,0.399004727602005,0.13523134589195251,0.2637733817100525
804.0,0.3989955186843872,0.13514651358127594,0.2638489902019501
805.0,0.39898669719696045,0.13509520888328552,0.2638914883136749
806.0,0.39897841215133667,0.13501863181591034,0.2639597952365875
807.0,0.39897018671035767,0.13496220111846924,0.2640079855918884
808.0,0.3989618420600891,0.13488778471946716,0.26407405734062195
809.0,0.39895349740982056,0.13482777774333954,0.2641257047653198
810.0,0.3989446759223938,0.13475163280963898,0.264193058013916
811.0,0.39893561601638794,0.13469459116458893,0.2642410397529602
812.0,0.39892643690109253,0.13461144268512726,0.26431500911712646
813.0,0.39891719818115234,0.13456082344055176,0.2643563747406006
814.0,0.39890754222869873,0.13447491824626923,0.2644326090812683
815.0,0.3988974690437317,0.13442985713481903,0.26446762681007385
816.0,0.3988872170448303,0.13434070348739624,0.2645465135574341
817.0,0.3988766074180603,0.13430191576480865,0.26457467675209045
818.0,0.3988654911518097,0.13420939445495605,0.26465609669685364
819.0,0.39885401725769043,0.13417820632457733,0.2646758258342743
820.0,0.39884209632873535,0.13408249616622925,0.2647596001625061
821.0,0.39882978796958923,0.13406097888946533,0.2647688090801239
822.0,0.3988174796104431,0.133964404463768,0.2648530602455139
823.0,0.39880460500717163,0.133951798081398,0.2648528218269348
824.0,0.3987915515899658,0.13386046886444092,0.2649310827255249
825.0,0.3987782597541809,0.13385607302188873,0.26492220163345337
826.0,0.39876478910446167,0.13377392292022705,0.2649908661842346
827.0,0.398751437664032,0.1337784081697464,0.2649730443954468
828.0,0.39873796701431274,0.1337091475725174,0.26502880454063416
829.0,0.3987244665622711,0.13372132182121277,0.26500314474105835
830.0,0.39871102571487427,0.13366816937923431,0.26504287123680115
831.0,0.39869773387908936,0.13368715345859528,0.2650105655193329
832.0,0.39868447184562683,0.1336505115032196,0.2650339603424072
833.0,0.39867132902145386,0.13367930054664612,0.26499202847480774
834.0,0.3986581861972809,0.1336582601070404,0.2649999260902405
835.0,0.39864540100097656,0.1336975395679474,0.2649478614330292
836.0,0.39863264560699463,0.13369180262088776,0.26494085788726807
837.0,0.39862003922462463,0.13374063372612,0.26487940549850464
838.0,0.3986077904701233,0.13375094532966614,0.26485684514045715
839.0,0.3985956013202667,0.13380727171897888,0.26478832960128784
840.0,0.39858368039131165,0.1338340938091278,0.26474958658218384
841.0,0.39857202768325806,0.1338934749364853,0.26467856764793396
842.0,0.3985608220100403,0.13394023478031158,0.2646206021308899
843.0,0.39854979515075684,0.1339942216873169,0.26455557346343994
844.0,0.3985389471054077,0.13406682014465332,0.2644721269607544
845.0,0.398528516292572,0.13410459458827972,0.2644239366054535
846.0,0.398517906665802,0.13421131670475006,0.26430660486221313
847.0,0.39850759506225586,0.13421131670475006,0.264296293258667
848.0,0.39849525690078735,0.1343906968832016,0.26410454511642456
849.0,0.3984808027744293,0.13431736826896667,0.26416343450546265
850.0,0.39846494793891907,0.13458451628684998,0.2638804316520691
851.0,0.3984495997428894,0.13458991050720215,0.26385968923568726
852.0,0.39843636751174927,0.13472653925418854,0.2637098431587219
853.0,0.39842483401298523,0.13479775190353394,0.2636270821094513
854.0,0.39841437339782715,0.13488401472568512,0.2635303735733032
855.0,0.3984040319919586,0.13493487238883972,0.2634691596031189
856.0,0.39839428663253784,0.13501128554344177,0.26338300108909607
857.0,0.39838457107543945,0.13503336906433105,0.2633512020111084
858.0,0.3983747959136963,0.1351170688867569,0.2632577419281006
859.0,0.3983651399612427,0.13510046899318695,0.26326465606689453
860.0,0.39835548400878906,0.1351967304944992,0.26315873861312866
861.0,0.3983457684516907,0.13515450060367584,0.263191282749176
862.0,0.39833611249923706,0.13522714376449585,0.2631089687347412
863.0,0.3983268141746521,0.13518303632736206,0.26314377784729004
864.0,0.39831721782684326,0.13522621989250183,0.26309099793434143
865.0,0.3983072340488434,0.13516765832901,0.2631395757198334
866.0,0.3982963562011719,0.13520456850528717,0.2630918025970459
867.0,0.3982826769351959,0.13495475053787231,0.2633279263973236
868.0,0.3982696533203125,0.13495339453220367,0.26331627368927
869.0,0.3982580900192261,0.13492830097675323,0.26332980394363403
870.0,0.39824625849723816,0.13487446308135986,0.2633717954158783
871.0,0.39823365211486816,0.13485951721668243,0.2633741497993469
872.0,0.39822137355804443,0.1347811371088028,0.26344025135040283
873.0,0.39820897579193115,0.1347685158252716,0.26344045996665955
874.0,0.3981972336769104,0.13468722999095917,0.26350998878479004
875.0,0.398185670375824,0.1346690058708191,0.2635166645050049
876.0,0.39817503094673157,0.13460272550582886,0.2635723054409027
877.0,0.3981645703315735,0.13458311557769775,0.26358145475387573
878.0,0.3981543779373169,0.13453102111816406,0.26362335681915283
879.0,0.3981441855430603,0.13451658189296722,0.2636275887489319
880.0,0.39813435077667236,0.13447479903697968,0.2636595666408539
881.0,0.398124635219574,0.1344670057296753,0.2636576294898987
882.0,0.3981153964996338,0.13443605601787567,0.2636793255805969
883.0,0.3981064558029175,0.13443322479724884,0.26367321610450745
884.0,0.3980981707572937,0.13441932201385498,0.2636788487434387
885.0,0.39809009432792664,0.13441544771194458,0.26367464661598206
886.0,0.3980831801891327,0.13442465662956238,0.2636585235595703
887.0,0.398076593875885,0.13442347943782806,0.26365309953689575
888.0,0.3980710506439209,0.1344439536333084,0.2636271119117737
889.0,0.39806562662124634,0.13445046544075012,0.2636151611804962
890.0,0.39806067943573,0.13447298109531403,0.26358771324157715
891.0,0.3980557322502136,0.1344784051179886,0.26357734203338623
892.0,0.3980506658554077,0.13450156152248383,0.2635490894317627
893.0,0.3980453610420227,0.13450635969638824,0.26353901624679565
894.0,0.3980396091938019,0.1345321238040924,0.2635074853897095
895.0,0.39803358912467957,0.13454657793045044,0.2634870111942291
896.0,0.3980274200439453,0.13456538319587708,0.26346203684806824
897.0,0.3980211019515991,0.1346069574356079,0.2634141445159912
898.0,0.3980148732662201,0.13459601998329163,0.26341885328292847
899.0,0.3980080485343933,0.13467389345169067,0.26333415508270264
900.0,0.39800167083740234,0.13464349508285522,0.2633581757545471
901.0,0.3979949355125427,0.13470710813999176,0.26328781247138977
902.0,0.3979886770248413,0.13470153510570526,0.26328712701797485
903.0,0.39798182249069214,0.13474176824092865,0.2632400691509247
904.0,0.39797455072402954,0.13474225997924805,0.2632322907447815
905.0,0.39796650409698486,0.1347731202840805,0.26319336891174316
906.0,0.39795833826065063,0.13477379083633423,0.2631845474243164
907.0,0.3979491591453552,0.134798064827919,0.2631511092185974
908.0,0.39793992042541504,0.13479654490947723,0.2631433606147766
909.0,0.39792972803115845,0.13481734693050385,0.2631123661994934
910.0,0.39791980385780334,0.13480642437934875,0.2631133794784546
911.0,0.39790910482406616,0.13483135402202606,0.2630777359008789
912.0,0.39789897203445435,0.13480164110660553,0.2630973160266876
913.0,0.39788818359375,0.13483433425426483,0.263053834438324
914.0,0.3978787660598755,0.13478808104991913,0.26309067010879517
915.0,0.3978688716888428,0.13482099771499634,0.26304787397384644
916.0,0.39786022901535034,0.13476766645908356,0.263092577457428
917.0,0.39785152673721313,0.13479524850845337,0.26305627822875977
918.0,0.3978438377380371,0.1347407102584839,0.2631031274795532
919.0,0.3978365659713745,0.13475918769836426,0.26307737827301025
920.0,0.39783012866973877,0.13470937311649323,0.26312074065208435
921.0,0.39782387018203735,0.13471855223178864,0.2631053328514099
922.0,0.39781826734542847,0.13467372953891754,0.2631445527076721
923.0,0.39781317114830017,0.13467520475387573,0.26313796639442444
924.0,0.39780834317207336,0.13463592529296875,0.2631724178791046
925.0,0.39780399203300476,0.13463160395622253,0.2631723880767822
926.0,0.39779961109161377,0.13459637761116028,0.2632032334804535
927.0,0.39779573678970337,0.13458769023418427,0.2632080316543579
928.0,0.3977918028831482,0.13455258309841156,0.26323920488357544
929.0,0.39778798818588257,0.13454212248325348,0.2632458508014679
930.0,0.397784024477005,0.1345038115978241,0.2632802128791809
931.0,0.3977801501750946,0.13449427485466003,0.26328587532043457
932.0,0.3977760076522827,0.13444997370243073,0.2633260488510132
933.0,0.39777177572250366,0.13444574177265167,0.2633260488510132
934.0,0.3977673053741455,0.1343928426504135,0.2633744478225708
935.0,0.3977625370025635,0.13439695537090302,0.26336556673049927
936.0,0.3977579176425934,0.13433697819709778,0.2634209394454956
937.0,0.39775294065475464,0.13434146344661713,0.2634114623069763
938.0,0.3977479338645935,0.13428623974323273,0.263461709022522
939.0,0.39774274826049805,0.13428424298763275,0.2634584903717041
940.0,0.3977372944355011,0.13423767685890198,0.2634996175765991
941.0,0.3977315425872803,0.13423041999340057,0.2635011076927185
942.0,0.3977256715297699,0.13418808579444885,0.26353758573532104
943.0,0.39771905541419983,0.13418170809745789,0.26353734731674194
944.0,0.3977122902870178,0.13413916528224945,0.26357313990592957
945.0,0.3977048397064209,0.13413937389850616,0.26356545090675354
946.0,0.3976972699165344,0.13409416377544403,0.2636030912399292
947.0,0.39768916368484497,0.13410665094852448,0.2635825276374817
948.0,0.3976811170578003,0.13405698537826538,0.2636241316795349
949.0,0.3976723551750183,0.13408225774765015,0.26359009742736816
950.0,0.3976638913154602,0.13403542339801788,0.2636284828186035
951.0,0.39765501022338867,0.13406462967395782,0.26359039545059204
952.0,0.3976464867591858,0.13403041660785675,0.26361608505249023
953.0,0.39763781428337097,0.13405799865722656,0.2635798156261444
954.0,0.39762941002845764,0.13403651118278503,0.2635928988456726
955.0,0.3976210355758667,0.1340651661157608,0.2635558545589447
956.0,0.3976130485534668,0.134054496884346,0.2635585367679596
957.0,0.3976050615310669,0.13408751785755157,0.2635175585746765
958.0,0.39759761095046997,0.13408398628234863,0.26351362466812134
959.0,0.3975904583930969,0.13412266969680786,0.26346778869628906
960.0,0.3975837230682373,0.13412444293498993,0.2634592652320862
961.0,0.39757734537124634,0.13416610658168793,0.2634112238883972
962.0,0.39757150411605835,0.13417477905750275,0.2633967101573944
963.0,0.3975660502910614,0.13421669602394104,0.26334935426712036
964.0,0.3975606858730316,0.13423290848731995,0.26332777738571167
965.0,0.3975558280944824,0.13427390158176422,0.263281911611557
966.0,0.39755120873451233,0.13429537415504456,0.2632558345794678
967.0,0.39754658937454224,0.13433529436588287,0.26321130990982056
968.0,0.39754238724708557,0.1343582570552826,0.263184130191803
969.0,0.39753812551498413,0.13439936935901642,0.2631387710571289
970.0,0.39753395318984985,0.1344119906425476,0.26312196254730225
971.0,0.3975297808647156,0.13446517288684845,0.26306459307670593
972.0,0.3975258469581604,0.13445799052715302,0.2630678713321686
973.0,0.3975219130516052,0.13452263176441193,0.2629992961883545
974.0,0.39751774072647095,0.13447926938533783,0.2630384862422943
975.0,0.3975135087966919,0.13454723358154297,0.2629662752151489
976.0,0.39750972390174866,0.13454288244247437,0.2629668414592743
977.0,0.39750468730926514,0.13475698232650757,0.26274770498275757
978.0,0.39750146865844727,0.13474808633327484,0.26275336742401123
979.0,0.39749816060066223,0.13475164771080017,0.26274651288986206
980.0,0.39749473333358765,0.1347600221633911,0.26273471117019653
981.0,0.39749133586883545,0.1347513347864151,0.26274001598358154
982.0,0.39748814702033997,0.1347530484199524,0.2627350986003876
983.0,0.39748483896255493,0.13474130630493164,0.2627435326576233
984.0,0.39748167991638184,0.13473542034626007,0.26274627447128296
985.0,0.3974784314632416,0.13472026586532593,0.26275816559791565
986.0,0.3974747955799103,0.13470980525016785,0.26276499032974243
987.0,0.39747121930122375,0.13469204306602478,0.262779176235199
988.0,0.39746755361557007,0.13467542827129364,0.26279211044311523
989.0,0.39746367931365967,0.1346563845872879,0.26280730962753296
990.0,0.39745959639549255,0.1346333920955658,0.26282620429992676
991.0,0.3974553644657135,0.13461247086524963,0.26284289360046387
992.0,0.3974502384662628,0.1345769464969635,0.2628732919692993
993.0,0.3974439203739166,0.13454505801200867,0.26289886236190796
994.0,0.3974347710609436,0.13454855978488922,0.2628862261772156
995.0,0.3974256217479706,0.13449200987815857,0.262933611869812
996.0,0.3974148631095886,0.13444560766220093,0.2629692554473877
997.0,0.39740312099456787,0.13439051806926727,0.2630125880241394
998.0,0.39738962054252625,0.13432905077934265,0.2630605697631836
999.0,0.3973751664161682,0.13426968455314636,0.26310548186302185
1000.0,0.39735934138298035,0.13418442010879517,0.2631749212741852
1001.0,0.397343248128891,0.1341356635093689,0.2632075846195221
1002.0,0.3973243832588196,0.13398665189743042,0.26333773136138916
1003.0,0.3973070979118347,0.13403792679309845,0.26326918601989746
1004.0,0.39728787541389465,0.13387224078178406,0.2634156346321106
1005.0,0.397275447845459,0.1338525116443634,0.2634229362010956
1006.0,0.39726153016090393,0.13375481963157654,0.2635067105293274
1007.0,0.39724844694137573,0.13375164568424225,0.2634968161582947
1008.0,0.39723464846611023,0.1336514949798584,0.26358315348625183
1009.0,0.397222101688385,0.13367873430252075,0.26354336738586426
1010.0,0.39720964431762695,0.1335887312889099,0.26362091302871704
1011.0,0.39719897508621216,0.13361075520515442,0.26358821988105774
1012.0,0.3971889615058899,0.1335664838552475,0.2636224627494812
1013.0,0.39718008041381836,0.13356949388980865,0.2636106014251709
1014.0,0.3971711993217468,0.13355834782123566,0.26361283659935
1015.0,0.3971630334854126,0.13355474174022675,0.26360830664634705
1016.0,0.39715462923049927,0.13357262313365936,0.2635820209980011
1017.0,0.3971460461616516,0.13357582688331604,0.26357021927833557
1018.0,0.3971376121044159,0.13358113169670105,0.26355648040771484
1019.0,0.3971291780471802,0.1336020678281784,0.2635270953178406
1020.0,0.3971210718154907,0.1336006373167038,0.26352041959762573
1021.0,0.3971133828163147,0.13362939655780792,0.2634839713573456
1022.0,0.3971059322357178,0.13361521065235138,0.2634907066822052
1023.0,0.3970986008644104,0.13365428149700165,0.26344433426856995
1024.0,0.3970915973186493,0.1336134970188141,0.2634781002998352
1025.0,0.3970848321914673,0.13365530967712402,0.26342952251434326
1026.0,0.3970785140991211,0.1336210072040558,0.2634575068950653
1027.0,0.39707258343696594,0.13363778591156006,0.2634347975254059
1028.0,0.3970670700073242,0.13362644612789154,0.2634406089782715
1029.0,0.397061824798584,0.13362248241901398,0.2634393572807312
1030.0,0.39705705642700195,0.1336246281862259,0.26343244314193726
1031.0,0.39705169200897217,0.1336139291524887,0.26343774795532227
1032.0,0.3970459997653961,0.1336362063884735,0.2634097933769226
1033.0,0.39704036712646484,0.1336047649383545,0.26343560218811035
1034.0,0.3970335125923157,0.13377773761749268,0.263255774974823
1035.0,0.3970267176628113,0.13374555110931396,0.2632811665534973
1036.0,0.3970203399658203,0.1337675005197525,0.263252854347229
1037.0,0.39701390266418457,0.13377167284488678,0.263242244720459
1038.0,0.3970077335834503,0.13380074501037598,0.26320698857307434
1039.0,0.3970017433166504,0.1338045746088028,0.2631971538066864
1040.0,0.39699655771255493,0.13383091986179352,0.2631656527519226
1041.0,0.3969918191432953,0.13384440541267395,0.26314741373062134
1042.0,0.3969873785972595,0.13386543095111847,0.26312193274497986
1043.0,0.39698326587677,0.1338847130537033,0.2630985379219055
1044.0,0.396978497505188,0.13385207951068878,0.2631264328956604
1045.0,0.3969741463661194,0.1338716298341751,0.26310253143310547
1046.0,0.3969697952270508,0.13388001918792725,0.26308977603912354
1047.0,0.39696526527404785,0.13388870656490326,0.2630765438079834
1048.0,0.396959125995636,0.13388830423355103,0.26307082176208496
1049.0,0.3969535827636719,0.13393236696720123,0.26302123069763184
1050.0,0.39694744348526,0.13393710553646088,0.26301032304763794
1051.0,0.3969399929046631,0.13404728472232819,0.2628927230834961
1052.0,0.39693111181259155,0.13402144610881805,0.2629096806049347
1053.0,0.3969227075576782,0.13403385877609253,0.2628888487815857
1054.0,0.396914005279541,0.1340053677558899,0.2629086375236511
1055.0,0.3969046473503113,0.1339808851480484,0.2629237771034241
1056.0,0.396895170211792,0.13402581214904785,0.26286935806274414
1057.0,0.39688539505004883,0.1339709609746933,0.2629144489765167
1058.0,0.3968749940395355,0.13399454951286316,0.26288044452667236
1059.0,0.39686596393585205,0.13391385972499847,0.26295211911201477
1060.0,0.39685681462287903,0.13392609357833862,0.2629307210445404
1061.0,0.39684948325157166,0.13385415077209473,0.26299533247947693
1062.0,0.3968423008918762,0.13386522233486176,0.26297706365585327
1063.0,0.39683598279953003,0.13378827273845673,0.2630476951599121
1064.0,0.3968295454978943,0.13387547433376312,0.26295408606529236
1065.0,0.39682191610336304,0.13377557694911957,0.2630463242530823
1066.0,0.3968164324760437,0.13372400403022766,0.26309242844581604
1067.0,0.396811842918396,0.1337437778711319,0.2630680799484253
1068.0,0.39680829644203186,0.13368716835975647,0.2631211280822754
1069.0,0.39680466055870056,0.13369661569595337,0.2631080448627472
1070.0,0.3968014121055603,0.13365435600280762,0.2631470561027527
1071.0,0.39679813385009766,0.13365674018859863,0.263141393661499
1072.0,0.39679527282714844,0.13362450897693634,0.2631707787513733
1073.0,0.39679235219955444,0.13362328708171844,0.2631690502166748
1074.0,0.39678922295570374,0.1335981786251068,0.2631910443305969
1075.0,0.3967866599559784,0.1335933804512024,0.263193279504776
1076.0,0.3967839777469635,0.133576899766922,0.2632070779800415
1077.0,0.39678090810775757,0.13356655836105347,0.2632143497467041
1078.0,0.39677849411964417,0.13355985283851624,0.26321864128112793
1079.0,0.396776020526886,0.13354815542697906,0.2632278501987457
1080.0,0.3967738151550293,0.13354633748531342,0.2632274925708771
1081.0,0.3967716097831726,0.1335398405790329,0.2632317841053009
1082.0,0.3967694044113159,0.1335379034280777,0.2632315158843994
1083.0,0.39676743745803833,0.13353925943374634,0.263228178024292
1084.0,0.39676523208618164,0.13353516161441803,0.2632300555706024
1085.0,0.39676329493522644,0.1335456371307373,0.26321765780448914
1086.0,0.3967612683773041,0.13353800773620605,0.263223260641098
1087.0,0.3967592120170593,0.13356246054172516,0.26319676637649536
1088.0,0.3967569172382355,0.13354071974754333,0.26321619749069214
1089.0,0.39675429463386536,0.13362163305282593,0.26313266158103943
1090.0,0.3967514634132385,0.13358348608016968,0.26316797733306885
1091.0,0.39674878120422363,0.13361983001232147,0.26312893629074097
1092.0,0.3967459499835968,0.13363468647003174,0.26311126351356506
1093.0,0.3967430591583252,0.1336393505334854,0.263103723526001
1094.0,0.39674070477485657,0.13366743922233582,0.26307326555252075
1095.0,0.39673876762390137,0.1336813122034073,0.2630574405193329
1096.0,0.39673691987991333,0.13370281457901,0.2630341053009033
1097.0,0.39673471450805664,0.13372349739074707,0.26301121711730957
1098.0,0.39673274755477905,0.13374024629592896,0.2629925012588501
1099.0,0.3967307507991791,0.13385051488876343,0.26288023591041565
1100.0,0.396725594997406,0.13384485244750977,0.26288074254989624
1101.0,0.39672374725341797,0.13385887444019318,0.262864887714386
1102.0,0.39672183990478516,0.1338721066713333,0.26284971833229065
1103.0,0.3967195153236389,0.1338924765586853,0.2628270387649536
1104.0,0.3967171907424927,0.1339072436094284,0.2628099322319031
1105.0,0.39671480655670166,0.1339285969734192,0.26278620958328247
1106.0,0.39671236276626587,0.13394492864608765,0.2627674341201782
1107.0,0.39670976996421814,0.1339629590511322,0.26274681091308594
1108.0,0.3967072367668152,0.13397859036922455,0.26272866129875183
1109.0,0.3967049717903137,0.1339932680130005,0.26271170377731323
1110.0,0.39670243859291077,0.1340063512325287,0.2626960873603821
1111.0,0.39669984579086304,0.1340176910161972,0.26268213987350464
1112.0,0.3966972231864929,0.1340249925851822,0.2626722455024719
1113.0,0.3966948390007019,0.1340346336364746,0.2626602053642273
1114.0,0.39669233560562134,0.13403426110744476,0.2626580595970154
1115.0,0.39668989181518555,0.13404206931591034,0.262647807598114
1116.0,0.39668792486190796,0.1340339332818985,0.26265400648117065
1117.0,0.3966860771179199,0.13403911888599396,0.26264697313308716
1118.0,0.39668405055999756,0.13402700424194336,0.2626570463180542
1119.0,0.39668214321136475,0.13402730226516724,0.2626548409461975
1120.0,0.3966805934906006,0.13401232659816742,0.262668251991272
1121.0,0.39667922258377075,0.1340099722146988,0.26266926527023315
1122.0,0.3966776728630066,0.133992001414299,0.2626856565475464
1123.0,0.39667659997940063,0.13398779928684235,0.2626888155937195
1124.0,0.3966752886772156,0.1339665949344635,0.2627086937427521
1125.0,0.39667415618896484,0.13396614789962769,0.26270800828933716
1126.0,0.3966730535030365,0.13393542170524597,0.2627376317977905
1127.0,0.39667201042175293,0.13394027948379517,0.26273173093795776
1128.0,0.3966709077358246,0.13387805223464966,0.2627928555011749
1129.0,0.39666950702667236,0.13390061259269714,0.2627688944339752
1130.0,0.3966684341430664,0.1338297575712204,0.2628386616706848
1131.0,0.39666658639907837,0.13382014632225037,0.262846440076828
1132.0,0.39666515588760376,0.1338014155626297,0.26286375522613525
1133.0,0.39666375517845154,0.13376829028129578,0.26289546489715576
1134.0,0.39666223526000977,0.13374219834804535,0.2629200220108032
1135.0,0.3966602683067322,0.13371025025844574,0.26295000314712524
1136.0,0.3966585397720337,0.133674755692482,0.2629837989807129
1137.0,0.3966565430164337,0.1336459219455719,0.2630106210708618
1138.0,0.3966543674468994,0.13360179960727692,0.2630525827407837
1139.0,0.396652489900589,0.13357684016227722,0.26307564973831177
1140.0,0.396650493144989,0.13353480398654938,0.26311570405960083
1141.0,0.3966485857963562,0.13351155817508698,0.26313701272010803
1142.0,0.3966466188430786,0.1334749460220337,0.2631716728210449
1143.0,0.39664483070373535,0.1334533542394638,0.26319146156311035
1144.0,0.3966420590877533,0.1333947479724884,0.2632473111152649
1145.0,0.3966398537158966,0.13336393237113953,0.2632759213447571
1146.0,0.3966374099254608,0.1333499252796173,0.2632874846458435
1147.0,0.39663511514663696,0.13333632051944733,0.26329880952835083
1148.0,0.39663165807724,0.13346467912197113,0.26316696405410767
1149.0,0.3966296315193176,0.1334673911333084,0.2631622552871704
1150.0,0.3966272473335266,0.13347359001636505,0.26315367221832275
1151.0,0.39662453532218933,0.13346537947654724,0.2631591558456421
1152.0,0.3966218829154968,0.13351933658123016,0.26310256123542786
1153.0,0.39661967754364014,0.13349230587482452,0.2631273865699768
1154.0,0.3966173529624939,0.13354642689228058,0.2630709409713745
1155.0,0.3966154456138611,0.13355116546154022,0.26306426525115967
1156.0,0.3966138958930969,0.13358284533023834,0.2630310654640198
1157.0,0.39661258459091187,0.13359957933425903,0.26301300525665283
1158.0,0.39661097526550293,0.13362553715705872,0.2629854381084442
1159.0,0.3966096043586731,0.13364069163799286,0.26296889781951904
1160.0,0.3966083526611328,0.13366584479808807,0.26294249296188354
1161.0,0.3966074585914612,0.13368107378482819,0.2629263997077942
1162.0,0.3966064453125,0.13370482623577118,0.2629016041755676
1163.0,0.3966052532196045,0.1337173730134964,0.2628878951072693
1164.0,0.39660465717315674,0.13374091684818268,0.26286375522613525
1165.0,0.39660385251045227,0.13375067710876465,0.2628531754016876
1166.0,0.39660316705703735,0.1337721198797226,0.26283103227615356
1167.0,0.3966025710105896,0.1337801069021225,0.2628224492073059
1168.0,0.3966017961502075,0.1337994784116745,0.2628023326396942
1169.0,0.3966013193130493,0.13380444049835205,0.26279687881469727
1170.0,0.396600604057312,0.13382185995578766,0.26277875900268555
1171.0,0.39660000801086426,0.13382482528686523,0.262775182723999
1172.0,0.39659976959228516,0.13383953273296356,0.2627602219581604
1173.0,0.39659908413887024,0.1338413655757904,0.26275771856307983
1174.0,0.39659857749938965,0.1338515430688858,0.26274701952934265
1175.0,0.3965979516506195,0.1338537633419037,0.2627441883087158
1176.0,0.3965972065925598,0.13385982811450958,0.2627373933792114
1177.0,0.3965970575809479,0.1338619887828827,0.2627350687980652
1178.0,0.3965962529182434,0.1338626742362976,0.2627335786819458
1179.0,0.3965955972671509,0.13386447727680206,0.26273113489151
1180.0,0.39659520983695984,0.13386020064353943,0.2627350091934204
1181.0,0.3965945243835449,0.13386017084121704,0.2627343535423279
1182.0,0.39659392833709717,0.13385193049907684,0.26274198293685913
1183.0,0.3965933322906494,0.1338498741388321,0.26274344325065613
1184.0,0.3965928554534912,0.1338377594947815,0.2627550959587097
1185.0,0.3965921998023987,0.1338338404893875,0.26275837421417236
1186.0,0.3965917229652405,0.13381950557231903,0.26277220249176025
1187.0,0.39659133553504944,0.13381066918373108,0.26278066635131836
1188.0,0.3965906500816345,0.13379789888858795,0.2627927362918854
1189.0,0.39659032225608826,0.13378342986106873,0.26280689239501953
1190.0,0.39658981561660767,0.1337740570306778,0.26281577348709106
1191.0,0.39658939838409424,0.1337524652481079,0.26283693313598633
1192.0,0.3965889811515808,0.1337486058473587,0.2628403902053833
1193.0,0.3965885043144226,0.13372202217578888,0.2628664970397949
1194.0,0.39658838510513306,0.133719339966774,0.26286906003952026
1195.0,0.396587997674942,0.13369640707969666,0.26289159059524536
1196.0,0.3965875804424286,0.13368895649909973,0.26289862394332886
1197.0,0.39658722281455994,0.1336723268032074,0.26291489601135254
1198.0,0.39658695459365845,0.1336621195077896,0.26292482018470764
1199.0,0.39658692479133606,0.1336478888988495,0.2629390358924866
1200.0,0.396586537361145,0.1336367428302765,0.26294979453086853
1201.0,0.3965863585472107,0.13362427055835724,0.26296210289001465
1202.0,0.3965860605239868,0.13361240923404694,0.2629736661911011
1203.0,0.39658576250076294,0.13360171020030975,0.262984037399292
1204.0,0.3965855836868286,0.13358984887599945,0.26299571990966797
1205.0,0.3965851068496704,0.133581280708313,0.2630038261413574
1206.0,0.396584689617157,0.13356880843639374,0.26301586627960205
1207.0,0.39658403396606445,0.13355301320552826,0.263031005859375
1208.0,0.39658302068710327,0.1335437148809433,0.2630392909049988
1209.0,0.39658236503601074,0.13352786004543304,0.2630544900894165
1210.0,0.39658141136169434,0.1335229128599167,0.26305848360061646
1211.0,0.3965800404548645,0.13351155817508698,0.2630684971809387
1212.0,0.39657890796661377,0.13350887596607208,0.2630700469017029
1213.0,0.3965776562690735,0.13350535929203033,0.26307231187820435
1214.0,0.3965759873390198,0.1335100382566452,0.26306596398353577
1215.0,0.39657407999038696,0.13349471986293793,0.26307934522628784
1216.0,0.39657270908355713,0.13349278271198273,0.2630799412727356
1217.0,0.3965710401535034,0.1335013508796692,0.26306968927383423
1218.0,0.3965696394443512,0.13350865244865417,0.263060986995697
1219.0,0.3965678811073303,0.13352182507514954,0.2630460560321808
1220.0,0.39656615257263184,0.1335291862487793,0.26303696632385254
1221.0,0.39656418561935425,0.1335391402244568,0.26302504539489746
1222.0,0.396562397480011,0.13355401158332825,0.26300838589668274
1223.0,0.39656054973602295,0.13356544077396393,0.2629951238632202
1224.0,0.39655911922454834,0.13358284533023834,0.2629762887954712
1225.0,0.39655762910842896,0.13359136879444122,0.2629662752151489
1226.0,0.3965563178062439,0.13361181318759918,0.2629445195198059
1227.0,0.39655470848083496,0.1336178034543991,0.26293689012527466
1228.0,0.39655357599258423,0.1336355060338974,0.26291805505752563
1229.0,0.39655250310897827,0.13364125788211823,0.26291126012802124
1230.0,0.3965515196323395,0.13365492224693298,0.2628965973854065
1231.0,0.39655059576034546,0.1336597353219986,0.26289087533950806
1232.0,0.39654985070228577,0.13366970419883728,0.2628801465034485
1233.0,0.3965490460395813,0.13367314636707306,0.26287591457366943
1234.0,0.3965483605861664,0.13368156552314758,0.2628667950630188
1235.0,0.3965476155281067,0.13368289172649384,0.26286470890045166
1236.0,0.3965469002723694,0.13368918001651764,0.26285773515701294
1237.0,0.39654630422592163,0.13368774950504303,0.2628585696220398
1238.0,0.3965456485748291,0.1336929053068161,0.2628527283668518
1239.0,0.39654505252838135,0.13368858397006989,0.26285648345947266
1240.0,0.39654451608657837,0.13369159400463104,0.26285290718078613
1241.0,0.39654383063316345,0.13368627429008484,0.2628575563430786
1242.0,0.39654332399368286,0.13368827104568481,0.26285505294799805
1243.0,0.3965427875518799,0.13368183374404907,0.2628609538078308
1244.0,0.3965423107147217,0.13367921113967896,0.2628630995750427
1245.0,0.3965415954589844,0.13367189466953278,0.2628697156906128
1246.0,0.3965406119823456,0.13369926810264587,0.2628413438796997
1247.0,0.3965401351451874,0.1336970031261444,0.26284313201904297
1248.0,0.39653927087783813,0.13369973003864288,0.26283952593803406
1249.0,0.3965384066104889,0.13369682431221008,0.2628415822982788
1250.0,0.3965374231338501,0.13369868695735931,0.2628387212753296
1251.0,0.39653661847114563,0.13369181752204895,0.2628448009490967
1252.0,0.3965357542037964,0.13369131088256836,0.262844443321228
1253.0,0.39653491973876953,0.13368064165115356,0.26285427808761597
1254.0,0.3965340256690979,0.1336793750524521,0.2628546357154846
1255.0,0.3965332508087158,0.13366496562957764,0.2628682851791382
1256.0,0.3965325355529785,0.1336643099784851,0.2628682255744934
1257.0,0.39653199911117554,0.13364653289318085,0.2628854811191559
1258.0,0.3965311646461487,0.13365013897418976,0.26288101077079773
1259.0,0.3965305685997009,0.13362205028533936,0.2629085183143616
1260.0,0.3965300917625427,0.13362734019756317,0.26290276646614075
1261.0,0.39652949571609497,0.1335982382297516,0.2629312574863434
1262.0,0.3965286910533905,0.13359573483467102,0.2629329562187195
1263.0,0.39652836322784424,0.1335829347372055,0.26294541358947754
1264.0,0.3965280055999756,0.13358812034130096,0.2629398703575134
1265.0,0.39652734994888306,0.13357752561569214,0.2629498243331909
1266.0,0.39652782678604126,0.13369597494602203,0.2628318667411804
1267.0,0.39652717113494873,0.13368867337703705,0.2628384828567505
1268.0,0.3965263068675995,0.13367101550102234,0.26285529136657715
1269.0,0.3965257406234741,0.13365884125232697,0.26286691427230835
1270.0,0.3965252637863159,0.13364876806735992,0.2628764808177948
1271.0,0.39652466773986816,0.13363787531852722,0.26288679242134094
1272.0,0.3965238928794861,0.13363075256347656,0.2628931403160095
1273.0,0.3965231776237488,0.13362783193588257,0.2628953456878662
1274.0,0.3965221643447876,0.13360780477523804,0.26291435956954956
1275.0,0.3965214490890503,0.13360758125782013,0.26291385293006897
1276.0,0.39652058482170105,0.1335952877998352,0.26292529702186584
1277.0,0.3965197503566742,0.13359907269477844,0.26292067766189575
1278.0,0.3965187966823578,0.13358792662620544,0.26293087005615234
1279.0,0.396517813205719,0.13359622657299042,0.26292160153388977
1280.0,0.3965165615081787,0.1335722655057907,0.2629442811012268
1281.0,0.39651572704315186,0.1335679143667221,0.26294779777526855
1282.0,0.3965144157409668,0.13355986773967743,0.26295456290245056
1283.0,0.39651304483413696,0.1335611343383789,0.26295191049575806
1284.0,0.3965120017528534,0.1335620880126953,0.2629499137401581
1285.0,0.3965109586715698,0.13356630504131317,0.26294463872909546
1286.0,0.3965097963809967,0.1335735321044922,0.2629362642765045
1287.0,0.39650845527648926,0.13358481228351593,0.2629236578941345
1288.0,0.39650726318359375,0.13359269499778748,0.2629145681858063
1289.0,0.3965058922767639,0.13361898064613342,0.2628869116306305
1290.0,0.39650458097457886,0.13359983265399933,0.26290473341941833
1291.0,0.3965030014514923,0.13368657231330872,0.2628164291381836
1292.0,0.39650118350982666,0.13365131616592407,0.2628498673439026
1293.0,0.3965001106262207,0.1336829662322998,0.2628171443939209
1294.0,0.39649906754493713,0.1336822211742401,0.262816846370697
1295.0,0.39649730920791626,0.1337009221315384,0.26279640197753906
1296.0,0.3964957892894745,0.1336980164051056,0.2627977728843689
1297.0,0.3964935541152954,0.1337425857782364,0.2627509832382202
1298.0,0.3964918851852417,0.13375110924243927,0.2627407908439636
1299.0,0.39649027585983276,0.13374769687652588,0.2627425789833069
1300.0,0.3964887261390686,0.13378112018108368,0.2627076208591461
1301.0,0.3964870572090149,0.13372842967510223,0.26275861263275146
1302.0,0.39648497104644775,0.13376568257808685,0.2627192735671997
1303.0,0.39648324251174927,0.1337348073720932,0.2627484202384949
1304.0,0.39648157358169556,0.13373547792434692,0.26274609565734863
1305.0,0.3964802026748657,0.13372007012367249,0.26276013255119324
1306.0,0.396478533744812,0.13371127843856812,0.2627672553062439
1307.0,0.396477073431015,0.13369330763816833,0.2627837657928467
1308.0,0.39647573232650757,0.13369379937648773,0.26278194785118103
1309.0,0.39647436141967773,0.13366810977458954,0.262806236743927
1310.0,0.39647287130355835,0.13368159532546997,0.2627912759780884
1311.0,0.39647161960601807,0.13364310562610626,0.2628284990787506
1312.0,0.39647021889686584,0.13365915417671204,0.2628110647201538
1313.0,0.39646896719932556,0.13362649083137512,0.26284247636795044
1314.0,0.3964678943157196,0.13363459706306458,0.26283329725265503
1315.0,0.39646679162979126,0.13361425697803497,0.2628525495529175
1316.0,0.39646556973457336,0.1336076855659485,0.2628578841686249
1317.0,0.3964645266532898,0.13361097872257233,0.26285356283187866
1318.0,0.3964635729789734,0.13357113301753998,0.2628924250602722
1319.0,0.396462619304657,0.13360172510147095,0.26286089420318604
1320.0,0.3964618444442749,0.1335589736700058,0.2629028856754303
1321.0,0.3964611291885376,0.1335945576429367,0.2628665566444397
1322.0,0.39645999670028687,0.13358446955680847,0.2628755271434784
1323.0,0.3964594602584839,0.13354702293872833,0.26291242241859436
1324.0,0.3964589834213257,0.13355861604213715,0.26290035247802734
1325.0,0.39645856618881226,0.13354206085205078,0.2629165053367615
1326.0,0.39645832777023315,0.13353724777698517,0.2629210650920868
1327.0,0.39645785093307495,0.13353155553340912,0.26292628049850464
1328.0,0.39645737409591675,0.13352225720882416,0.2629351019859314
1329.0,0.3964570164680481,0.1335192173719406,0.2629377841949463
1330.0,0.3964565396308899,0.13350938260555267,0.2629471719264984
1331.0,0.3964560031890869,0.1335063874721527,0.2629496157169342
1332.0,0.39645588397979736,0.13349460065364838,0.2629612684249878
1333.0,0.39645522832870483,0.13349562883377075,0.2629595994949341
1334.0,0.39645469188690186,0.13347338140010834,0.2629812955856323
1335.0,0.3964541256427765,0.1334833800792694,0.2629707455635071
1336.0,0.3964534401893616,0.13347087800502777,0.2629825472831726
1337.0,0.39645296335220337,0.13347245752811432,0.26298052072525024
1338.0,0.39645254611968994,0.13346736133098602,0.2629851698875427
1339.0,0.3964519202709198,0.13346543908119202,0.2629864811897278
1340.0,0.39645135402679443,0.1334681510925293,0.26298320293426514
1341.0,0.396450936794281,0.1334572434425354,0.2629936933517456
1342.0,0.39645034074783325,0.13347667455673218,0.2629736661911011
1343.0,0.3964497745037079,0.13345476984977722,0.26299500465393066
1344.0,0.3964492976665497,0.13347414135932922,0.26297515630722046
1345.0,0.39644891023635864,0.13346560299396515,0.2629833221435547
1346.0,0.39644855260849,0.13347527384757996,0.26297327876091003
1347.0,0.39644837379455566,0.133473739027977,0.2629746198654175
1348.0,0.39644795656204224,0.13347835838794708,0.26296961307525635
1349.0,0.3964475393295288,0.13348500430583954,0.26296254992485046
1350.0,0.39644744992256165,0.13348650932312012,0.26296094059944153
1351.0,0.39644724130630493,0.13349328935146332,0.2629539370536804
1352.0,0.39644700288772583,0.13349632918834686,0.26295068860054016
1353.0,0.3964468240737915,0.1335023045539856,0.2629445195198059
1354.0,0.39644670486450195,0.1335054636001587,0.26294124126434326
1355.0,0.39644646644592285,0.1335126757621765,0.26293379068374634
1356.0,0.3964461088180542,0.1335017830133438,0.2629443407058716
1357.0,0.3964459300041199,0.13351543247699738,0.2629305124282837
1358.0,0.396445631980896,0.13351494073867798,0.262930691242218
1359.0,0.39644545316696167,0.1335262507200241,0.26291918754577637
1360.0,0.3964449167251587,0.13354463875293732,0.26290029287338257
1361.0,0.3964441120624542,0.1335316002368927,0.2629125118255615
1362.0,0.39644354581832886,0.1335592120885849,0.26288431882858276
1363.0,0.3964431881904602,0.13355939090251923,0.2628838121891022
1364.0,0.3964422941207886,0.13359053432941437,0.2628517746925354
1365.0,0.39644157886505127,0.1335933655500412,0.2628481984138489
1366.0,0.396440714597702,0.13361915946006775,0.2628215551376343
1367.0,0.3964395523071289,0.13362739980220795,0.26281213760375977
1368.0,0.3964387774467468,0.13364629447460175,0.2627924680709839
1369.0,0.3964375853538513,0.13365411758422852,0.2627834677696228
1370.0,0.39643633365631104,0.13367092609405518,0.26276540756225586
1371.0,0.39643505215644836,0.13367381691932678,0.2627612352371216
1372.0,0.3964337110519409,0.1336912363767624,0.26274245977401733
1373.0,0.3964323401451111,0.13368633389472961,0.26274600625038147
1374.0,0.3964310884475708,0.13370202481746674,0.26272904872894287
1375.0,0.3964296877384186,0.1336953341960907,0.2627343535423279
1376.0,0.39642834663391113,0.13370390236377716,0.26272445917129517
1377.0,0.396426796913147,0.133700892329216,0.2627258896827698
1378.0,0.3964257836341858,0.13370048999786377,0.262725293636322
1379.0,0.3964242935180664,0.1336997151374817,0.2627245783805847
1380.0,0.3964231610298157,0.13369067013263702,0.26273250579833984
1381.0,0.3964219093322754,0.1336929053068161,0.2627289891242981
1382.0,0.39642083644866943,0.1336749643087387,0.26274585723876953
1383.0,0.3964194655418396,0.13367891311645508,0.2627405524253845
1384.0,0.39641812443733215,0.1336568295955658,0.26276129484176636
1385.0,0.39641696214675903,0.13365687429904938,0.26276007294654846
1386.0,0.3964157998561859,0.13363364338874817,0.26278215646743774
1387.0,0.39641478657722473,0.13362985849380493,0.2627849280834198
1388.0,0.3964138329029083,0.1336154043674469,0.2627984285354614
1389.0,0.39641278982162476,0.13358235359191895,0.2628304362297058
1390.0,0.39641162753105164,0.13362953066825867,0.26278209686279297
1391.0,0.39641064405441284,0.13353882730007172,0.2628718316555023
1392.0,0.39640963077545166,0.13354766368865967,0.262861967086792
1393.0,0.39640897512435913,0.13351117074489594,0.262897789478302
1394.0,0.39640843868255615,0.13349632918834686,0.2629120945930481
1395.0,0.3964079022407532,0.1334923952817917,0.2629154920578003
1396.0,0.3964073061943054,0.1334741860628128,0.2629331350326538
1397.0,0.396406888961792,0.13347028195858002,0.26293662190437317
1398.0,0.3964064121246338,0.13345569372177124,0.26295071840286255
1399.0,0.3964058756828308,0.13344945013523102,0.262956440448761
1400.0,0.39640524983406067,0.13344022631645203,0.26296502351760864
1401.0,0.3964047133922577,0.13341525197029114,0.26298946142196655
1402.0,0.39640387892723083,0.1334078311920166,0.26299604773521423
1403.0,0.3964034914970398,0.13340413570404053,0.26299935579299927
1404.0,0.39640307426452637,0.13340048491954803,0.2630026042461395
1405.0,0.39640286564826965,0.13339540362358093,0.2630074620246887
1406.0,0.3964022994041443,0.13339541852474213,0.26300686597824097
1407.0,0.3964020907878876,0.133388489484787,0.2630136013031006
1408.0,0.396401584148407,0.13339248299598694,0.26300910115242004
1409.0,0.39640164375305176,0.13338498771190643,0.2630166709423065
1410.0,0.3964011073112488,0.1333886981010437,0.2630124092102051
1411.0,0.39640092849731445,0.13338471949100494,0.2630162239074707
1412.0,0.3964005708694458,0.1333865076303482,0.2630140483379364
1413.0,0.3964005708694458,0.13338500261306763,0.2630155682563782
