iter,loss,loss_f,loss_bc
1.0,0.38730794191360474,0.025493891909718513,0.36181405186653137
2.0,0.3849577009677887,0.02818279340863228,0.3567748963832855
3.0,0.38275858759880066,0.03102230653166771,0.35173627734184265
4.0,0.3809371590614319,0.03368620201945305,0.34725096821784973
5.0,0.37943413853645325,0.03616511821746826,0.343269020318985
6.0,0.3781965970993042,0.038457680493593216,0.3397389054298401
7.0,0.37717869877815247,0.04056812450289726,0.3366105854511261
8.0,0.37634143233299255,0.04250425845384598,0.3338371813297272
9.0,0.37565234303474426,0.04427606612443924,0.3313762843608856
10.0,0.3750843405723572,0.04589467495679855,0.329189658164978
11.0,0.3746151328086853,0.04737164080142975,0.32724350690841675
12.0,0.3742265999317169,0.04871847480535507,0.32550811767578125
13.0,0.373903751373291,0.04994629696011543,0.3239574432373047
14.0,0.3736346364021301,0.05106569826602936,0.32256895303726196
15.0,0.3734091520309448,0.05208659917116165,0.32132256031036377
16.0,0.37321940064430237,0.053018104285001755,0.3202013075351715
17.0,0.3730587959289551,0.053868625313043594,0.3191901743412018
18.0,0.3729221224784851,0.05464574694633484,0.31827637553215027
19.0,0.3728049099445343,0.05535634607076645,0.31744855642318726
20.0,0.3727037012577057,0.056006502360105515,0.31669721007347107
21.0,0.37261566519737244,0.056601595133543015,0.3160140812397003
22.0,0.3725385069847107,0.057146281003952026,0.31539222598075867
23.0,0.3724702000617981,0.05764450877904892,0.3148256838321686
24.0,0.37240922451019287,0.05809953808784485,0.314309686422348
25.0,0.37235432863235474,0.05851384997367859,0.31384047865867615
26.0,0.3723044693470001,0.05888928100466728,0.31341519951820374
27.0,0.37225887179374695,0.0592268742620945,0.31303200125694275
28.0,0.37221673130989075,0.059526827186346054,0.3126899003982544
29.0,0.3721776008605957,0.05978851765394211,0.312389075756073
30.0,0.3721410632133484,0.060010358691215515,0.3121306896209717
31.0,0.3721067011356354,0.06018957123160362,0.31191712617874146
32.0,0.3720742464065552,0.060321878641843796,0.3117523789405823
33.0,0.3720434904098511,0.06040048599243164,0.31164300441741943
34.0,0.3720138967037201,0.060413964092731476,0.3115999400615692
35.0,0.3719848394393921,0.06035915017127991,0.3116256892681122
36.0,0.37195703387260437,0.06028931960463524,0.31166771054267883
37.0,0.37193119525909424,0.06023374944925308,0.31169745326042175
38.0,0.37190747261047363,0.06010477617383003,0.3118026852607727
39.0,0.3718849718570709,0.060157109051942825,0.3117278516292572
40.0,0.37186190485954285,0.05982910469174385,0.3120327889919281
41.0,0.37184640765190125,0.059786807745695114,0.312059611082077
42.0,0.37183311581611633,0.05973154678940773,0.3121015727519989
43.0,0.37182044982910156,0.05969368666410446,0.3121267557144165
44.0,0.37180832028388977,0.05965036153793335,0.3121579587459564
45.0,0.3717964291572571,0.05961698666214943,0.31217944622039795
46.0,0.37178483605384827,0.05957794934511185,0.312206894159317
47.0,0.3717733323574066,0.05955091863870621,0.312222421169281
48.0,0.37176182866096497,0.059508416801691055,0.3122534155845642
49.0,0.37175020575523376,0.059504639357328415,0.31224557757377625
50.0,0.371738076210022,0.05938903987407684,0.3123490512371063
51.0,0.3717261552810669,0.05940480902791023,0.31232133507728577
52.0,0.3717149496078491,0.05930164456367493,0.3124133050441742
53.0,0.3717042803764343,0.05931612849235535,0.312388151884079
54.0,0.371693879365921,0.05923599749803543,0.3124578893184662
55.0,0.371683269739151,0.05925578251481056,0.31242749094963074
56.0,0.3716728091239929,0.05918265879154205,0.31249016523361206
57.0,0.3716621398925781,0.05919986218214035,0.3124622702598572
58.0,0.37165144085884094,0.05913442745804787,0.3125170171260834
59.0,0.371640682220459,0.059146616607904434,0.31249406933784485
60.0,0.3716299831867218,0.05909720063209534,0.31253278255462646
61.0,0.3716191053390503,0.05912475660443306,0.31249433755874634
62.0,0.37160876393318176,0.05909328535199165,0.3125154674053192
63.0,0.3715983033180237,0.05917899310588837,0.3124192953109741
64.0,0.37158870697021484,0.05917999520897865,0.3124087154865265
65.0,0.37157881259918213,0.05918161943554878,0.31239718198776245
66.0,0.37156903743743896,0.05919715389609337,0.3123718798160553
67.0,0.37155938148498535,0.05918432027101517,0.3123750686645508
68.0,0.3715499937534332,0.0592346265912056,0.3123153746128082
69.0,0.37154117226600647,0.059201378375291824,0.31233978271484375
70.0,0.371532678604126,0.05930408090353012,0.31222859025001526
71.0,0.3715250790119171,0.05928108096122742,0.3122439980506897
72.0,0.3715181350708008,0.059388723224401474,0.312129408121109
73.0,0.37151193618774414,0.05937197059392929,0.31213995814323425
74.0,0.37150663137435913,0.05944308638572693,0.3120635449886322
75.0,0.3715018928050995,0.05942319706082344,0.31207868456840515
76.0,0.37149783968925476,0.059474535286426544,0.3120233118534088
77.0,0.3714943528175354,0.05945264920592308,0.312041699886322
78.0,0.37149134278297424,0.059493910521268845,0.3119974434375763
79.0,0.37148886919021606,0.05947823449969292,0.31201064586639404
80.0,0.3714867830276489,0.059512909501791,0.3119738698005676
81.0,0.37148499488830566,0.05950471758842468,0.311980277299881
82.0,0.3714835047721863,0.05953390896320343,0.31194958090782166
83.0,0.371482253074646,0.05953051149845123,0.31195172667503357
84.0,0.37148115038871765,0.059554509818553925,0.31192663311958313
85.0,0.37148022651672363,0.05955478549003601,0.3119254410266876
86.0,0.37147942185401917,0.059572864323854446,0.3119065463542938
87.0,0.37147870659828186,0.059577200561761856,0.3119015097618103
88.0,0.3714780807495117,0.05958833917975426,0.31188973784446716
89.0,0.3714774549007416,0.059596043080091476,0.311881422996521
90.0,0.3714769184589386,0.0596010647714138,0.3118758499622345
91.0,0.37147635221481323,0.05961081385612488,0.31186553835868835
92.0,0.37147584557533264,0.059611354023218155,0.3118644952774048
93.0,0.3714752793312073,0.059624090790748596,0.3118511736392975
94.0,0.37147462368011475,0.05961953476071358,0.3118550777435303
95.0,0.3714738190174103,0.05963553115725517,0.311838299036026
96.0,0.3714730143547058,0.05962894484400749,0.3118440806865692
97.0,0.37147215008735657,0.05964355543255806,0.3118285834789276
98.0,0.3714710772037506,0.059638045728206635,0.3118330240249634
99.0,0.3714699447154999,0.05964970588684082,0.31182023882865906
100.0,0.3714686334133148,0.05964520946145058,0.31182342767715454
101.0,0.37146711349487305,0.05965213105082512,0.3118149936199188
102.0,0.37146544456481934,0.05965220928192139,0.31181323528289795
103.0,0.3714635968208313,0.059653863310813904,0.3118097186088562
104.0,0.3714614808559418,0.0596553198993206,0.31180617213249207
105.0,0.3714591860771179,0.05965626239776611,0.3118029236793518
106.0,0.3714565932750702,0.05965453013777733,0.31180205941200256
107.0,0.37145379185676575,0.0596601776778698,0.31179362535476685
108.0,0.37145063281059265,0.05964723974466324,0.31180340051651
109.0,0.3714471459388733,0.0596606470644474,0.3117865025997162
110.0,0.37144342064857483,0.0596281997859478,0.3118152320384979
111.0,0.37143898010253906,0.05965114384889603,0.31178784370422363
112.0,0.37143439054489136,0.05959545075893402,0.31183892488479614
113.0,0.37142881751060486,0.05962256342172623,0.31180626153945923
114.0,0.37142321467399597,0.05955380201339722,0.31186941266059875
115.0,0.37141624093055725,0.05957735329866409,0.31183889508247375
116.0,0.37140920758247375,0.059506259858608246,0.3119029402732849
117.0,0.371400386095047,0.059523988515138626,0.3118763864040375
118.0,0.3713911175727844,0.059503741562366486,0.31188738346099854
119.0,0.3713802695274353,0.0594736784696579,0.3119065761566162
120.0,0.3713676333427429,0.05960249900817871,0.3117651343345642
121.0,0.37135666608810425,0.05938725918531418,0.3119693994522095
122.0,0.3713451623916626,0.059479355812072754,0.31186580657958984
123.0,0.37133729457855225,0.05942755937576294,0.3119097352027893
124.0,0.3713274598121643,0.05954224616289139,0.3117852210998535
125.0,0.3713189661502838,0.05945553630590439,0.31186342239379883
126.0,0.3713100850582123,0.05953698232769966,0.3117730915546417
127.0,0.37130284309387207,0.059481360018253326,0.31182149052619934
128.0,0.37129494547843933,0.059574685990810394,0.31172025203704834
129.0,0.3712875545024872,0.05946500226855278,0.3118225634098053
130.0,0.37128007411956787,0.05952461063861847,0.3117554485797882
131.0,0.3712737262248993,0.05950743705034256,0.31176629662513733
132.0,0.3712674081325531,0.0594906210899353,0.3117767870426178
133.0,0.37126031517982483,0.059556927531957626,0.3117033839225769
134.0,0.3712533116340637,0.059414591640233994,0.31183871626853943
135.0,0.37124523520469666,0.0594598650932312,0.31178537011146545
136.0,0.3712384104728699,0.05935661867260933,0.31188178062438965
137.0,0.3712301254272461,0.0593893900513649,0.3118407428264618
138.0,0.37122341990470886,0.059323620051145554,0.3118998110294342
139.0,0.3712174892425537,0.059401221573352814,0.3118162751197815
140.0,0.3712135851383209,0.059365589171648026,0.311847984790802
141.0,0.371209979057312,0.05947379767894745,0.31173616647720337
142.0,0.3712073266506195,0.0594172365963459,0.3117900788784027
143.0,0.37120479345321655,0.05949192866683006,0.3117128610610962
144.0,0.37120330333709717,0.05950005352497101,0.31170323491096497
145.0,0.3712017238140106,0.059524454176425934,0.3116772770881653
146.0,0.3712003231048584,0.05955519154667854,0.31164512038230896
147.0,0.3711989223957062,0.05956896021962166,0.3116299510002136
148.0,0.3711974024772644,0.059604108333587646,0.31159329414367676
149.0,0.3711956739425659,0.05961291491985321,0.3115827739238739
150.0,0.37119364738464355,0.05964737385511398,0.311546266078949
151.0,0.37119096517562866,0.059650029987096786,0.3115409314632416
152.0,0.3711874783039093,0.05967703089118004,0.31151044368743896
153.0,0.37118229269981384,0.059676650911569595,0.31150564551353455
154.0,0.37117502093315125,0.05963422730565071,0.31154078245162964
155.0,0.37116461992263794,0.05959874391555786,0.3115658760070801
156.0,0.3711555004119873,0.05955386534333229,0.3116016387939453
157.0,0.37114381790161133,0.0595281608402729,0.31161564588546753
158.0,0.37112972140312195,0.05938112363219261,0.31174859404563904
159.0,0.371110737323761,0.05931102856993675,0.31179970502853394
160.0,0.3710959255695343,0.05906064435839653,0.31203529238700867
161.0,0.3710721433162689,0.05906043201684952,0.31201171875
162.0,0.37105289101600647,0.058692146092653275,0.3123607337474823
163.0,0.3710249364376068,0.05859600380063057,0.31242892146110535
164.0,0.37099745869636536,0.05843645706772804,0.3125610053539276
165.0,0.3709605634212494,0.058436814695596695,0.312523752450943
166.0,0.37092190980911255,0.05821669101715088,0.31270521879196167
167.0,0.37087881565093994,0.0582796111702919,0.31259921193122864
168.0,0.37084972858428955,0.05851830542087555,0.3123314380645752
169.0,0.37082749605178833,0.0585971362888813,0.31223034858703613
170.0,0.3708093762397766,0.05882374942302704,0.31198564171791077
171.0,0.37079572677612305,0.058881163597106934,0.3119145631790161
172.0,0.3707849085330963,0.05906039476394653,0.3117245137691498
173.0,0.3707767724990845,0.05910157039761543,0.31167519092559814
174.0,0.37077009677886963,0.05926203355193138,0.31150805950164795
175.0,0.3707645535469055,0.05927807837724686,0.31148648262023926
176.0,0.37076014280319214,0.05941569432616234,0.3113444447517395
177.0,0.3707563281059265,0.05945269763469696,0.31130364537239075
178.0,0.37075361609458923,0.05952811986207962,0.3112255036830902
179.0,0.37075144052505493,0.05957581102848053,0.3111756443977356
180.0,0.37074941396713257,0.05962986871600151,0.31111955642700195
181.0,0.3707478940486908,0.05967368930578232,0.3110741972923279
182.0,0.3707464933395386,0.05971763655543327,0.3110288679599762
183.0,0.3707452416419983,0.05975620448589325,0.31098902225494385
184.0,0.37074434757232666,0.05979310721158981,0.31095123291015625
185.0,0.3707434833049774,0.0598272942006588,0.3109161853790283
186.0,0.3707424998283386,0.05985916778445244,0.3108833432197571
187.0,0.37074199318885803,0.0598888099193573,0.31085318326950073
188.0,0.3707413077354431,0.05991761386394501,0.3108236789703369
189.0,0.3707406520843506,0.05994343385100365,0.31079721450805664
190.0,0.37074005603790283,0.05996937304735184,0.3107706904411316
191.0,0.37073957920074463,0.059991929680109024,0.3107476532459259
192.0,0.37073907256126404,0.060015421360731125,0.3107236623764038
193.0,0.3707387149333954,0.060034461319446564,0.3107042610645294
194.0,0.37073829770088196,0.06005629152059555,0.3106819987297058
195.0,0.37073788046836853,0.060070596635341644,0.3106672763824463
196.0,0.37073761224746704,0.06009245291352272,0.3106451630592346
197.0,0.3707370460033417,0.06009786203503609,0.3106391727924347
198.0,0.3707367181777954,0.0601317398250103,0.310604989528656
199.0,0.3707364797592163,0.06012393906712532,0.3106125295162201
200.0,0.37073591351509094,0.06014636158943176,0.3105895519256592
201.0,0.3707355260848999,0.06014647334814072,0.3105890452861786
202.0,0.37073543667793274,0.06015901640057564,0.3105764091014862
203.0,0.3707350492477417,0.06016039103269577,0.31057465076446533
204.0,0.3707350194454193,0.06016712635755539,0.3105678856372833
205.0,0.3707347810268402,0.06016984209418297,0.31056493520736694
206.0,0.37073448300361633,0.06017163023352623,0.3105628490447998
207.0,0.370734304189682,0.06017573922872543,0.310558557510376
208.0,0.37073397636413574,0.06017468869686127,0.3105592727661133
209.0,0.37073391675949097,0.060179371386766434,0.31055453419685364
210.0,0.3707336485385895,0.06017685309052467,0.3105567991733551
211.0,0.3707335889339447,0.06018012762069702,0.3105534613132477
212.0,0.37073320150375366,0.06017804145812988,0.3105551600456238
213.0,0.37073269486427307,0.06017833948135376,0.3105543553829193
214.0,0.37073248624801636,0.06017521768808365,0.3105572760105133
215.0,0.37073174118995667,0.06017404794692993,0.31055769324302673
216.0,0.3707311451435089,0.06016739457845688,0.31056374311447144
217.0,0.37073060870170593,0.060164641588926315,0.3105659782886505
218.0,0.3707297444343567,0.060154352337121964,0.310575395822525
219.0,0.3707289695739746,0.06014987826347351,0.3105790913105011
220.0,0.3707278370857239,0.0601329579949379,0.3105948865413666
221.0,0.37072715163230896,0.0601297989487648,0.31059736013412476
222.0,0.3707260191440582,0.06010246276855469,0.31062355637550354
223.0,0.37072476744651794,0.06010693684220314,0.3106178343296051
224.0,0.37072354555130005,0.06006214767694473,0.3106614053249359
225.0,0.3707222640514374,0.060074180364608765,0.3106480836868286
226.0,0.3707209825515747,0.06002601981163025,0.31069496273994446
227.0,0.3707196116447449,0.060027703642845154,0.3106919229030609
228.0,0.3707180619239807,0.059988949447870255,0.31072911620140076
229.0,0.3707163333892822,0.05998366326093674,0.3107326626777649
230.0,0.3707144260406494,0.059939511120319366,0.31077492237091064
231.0,0.3707121014595032,0.059933166950941086,0.310778945684433
232.0,0.3707096576690674,0.05986799672245979,0.3108416497707367
233.0,0.3707062602043152,0.05985630303621292,0.31084996461868286
234.0,0.37070298194885254,0.05979906767606735,0.3109039068222046
235.0,0.3706987500190735,0.05979795381426811,0.31090080738067627
236.0,0.3706943392753601,0.059753112494945526,0.310941219329834
237.0,0.3706900179386139,0.05975111573934555,0.31093889474868774
238.0,0.3706848621368408,0.059749215841293335,0.3109356462955475
239.0,0.37068071961402893,0.05969613790512085,0.3109845817089081
240.0,0.3706764280796051,0.05974823981523514,0.31092819571495056
241.0,0.3706735074520111,0.05971703678369522,0.3109564781188965
242.0,0.37067025899887085,0.059773754328489304,0.31089651584625244
243.0,0.37066689133644104,0.05974205955862999,0.31092482805252075
244.0,0.37066391110420227,0.05979599803686142,0.31086790561676025
245.0,0.3706607222557068,0.059780798852443695,0.3108799159526825
246.0,0.37065741419792175,0.05982355400919914,0.3108338713645935
247.0,0.3706541657447815,0.05982355773448944,0.31083062291145325
248.0,0.3706504702568054,0.059846486896276474,0.31080397963523865
249.0,0.37064701318740845,0.05987110733985901,0.31077590584754944
250.0,0.3706434369087219,0.05988320708274841,0.3107602298259735
251.0,0.37063997983932495,0.059910114854574203,0.31072986125946045
252.0,0.37063565850257874,0.05993334576487541,0.3107023239135742
253.0,0.37063121795654297,0.05994482338428497,0.3106864094734192
254.0,0.37062591314315796,0.05999379977583885,0.3106321096420288
255.0,0.3706202805042267,0.05997728928923607,0.3106429874897003
256.0,0.37061333656311035,0.06006871163845062,0.3105446398258209
257.0,0.3706062436103821,0.060017094016075134,0.31058913469314575
258.0,0.370598167181015,0.06011657789349556,0.31048157811164856
259.0,0.37059080600738525,0.060079410672187805,0.31051138043403625
260.0,0.37058255076408386,0.060161296278238297,0.31042125821113586
261.0,0.3705747723579407,0.060137540102005005,0.31043723225593567
262.0,0.37056711316108704,0.06021013483405113,0.3103569746017456
263.0,0.3705593943595886,0.0602228082716465,0.3103365898132324
264.0,0.3705531358718872,0.060243159532547,0.3103099763393402
265.0,0.37054723501205444,0.06029297783970833,0.3102542459964752
266.0,0.3705415427684784,0.060283105820417404,0.3102584481239319
267.0,0.3705345690250397,0.060348089784383774,0.3101864755153656
268.0,0.3705272674560547,0.060334712266922,0.3101925551891327
269.0,0.3705194890499115,0.0603729672729969,0.3101465106010437
270.0,0.3705117702484131,0.06037263199687004,0.31013914942741394
271.0,0.3705035448074341,0.060372572392225266,0.3101309835910797
272.0,0.3704943060874939,0.06039641797542572,0.310097873210907
273.0,0.37048566341400146,0.06035618111491203,0.3101294934749603
274.0,0.37047702074050903,0.06035034358501434,0.3101266920566559
275.0,0.3704698085784912,0.06035730615258217,0.31011250615119934
276.0,0.3704630136489868,0.06028994917869568,0.31017306447029114
277.0,0.37045732140541077,0.06031086668372154,0.3101464509963989
278.0,0.37045255303382874,0.06027849763631821,0.31017404794692993
279.0,0.3704487979412079,0.06026685610413551,0.31018194556236267
280.0,0.37044578790664673,0.06028402969241142,0.3101617693901062
281.0,0.3704427480697632,0.06021856516599655,0.31022417545318604
282.0,0.37044060230255127,0.06025617569684982,0.31018441915512085
283.0,0.3704390525817871,0.06022218242287636,0.31021687388420105
284.0,0.3704378008842468,0.06023317947983742,0.3102046251296997
285.0,0.3704369366168976,0.06021967530250549,0.3102172613143921
286.0,0.370435893535614,0.06022679805755615,0.31020909547805786
287.0,0.37043511867523193,0.06021621823310852,0.3102189004421234
288.0,0.3704347312450409,0.060223061591386795,0.3102116584777832
289.0,0.37043383717536926,0.06021535024046898,0.31021848320961
290.0,0.3704334497451782,0.06021987646818161,0.310213565826416
291.0,0.37043285369873047,0.06021643802523613,0.31021642684936523
292.0,0.37043243646621704,0.06022025644779205,0.3102121949195862
293.0,0.37043237686157227,0.06021781265735626,0.3102145493030548
294.0,0.3704318404197693,0.0602223239839077,0.3102095127105713
295.0,0.37043142318725586,0.060220248997211456,0.310211181640625
296.0,0.37043091654777527,0.06023165211081505,0.3101992607116699
297.0,0.370430588722229,0.06022718921303749,0.3102034032344818
298.0,0.3704302906990051,0.06023424491286278,0.31019604206085205
299.0,0.37042999267578125,0.06023208051919937,0.3101979196071625
300.0,0.37042948603630066,0.060240380465984344,0.3101890981197357
301.0,0.3704289197921753,0.06023872271180153,0.31019020080566406
302.0,0.37042877078056335,0.06024841219186783,0.3101803660392761
303.0,0.3704282343387604,0.060248132795095444,0.31018009781837463
304.0,0.3704277276992798,0.06026383116841316,0.3101638853549957
305.0,0.3704269826412201,0.06026303768157959,0.3101639449596405
306.0,0.37042611837387085,0.06027964875102043,0.3101464807987213
307.0,0.370425283908844,0.06027999147772789,0.3101452887058258
308.0,0.37042465806007385,0.06029622629284859,0.31012842059135437
309.0,0.3704238533973694,0.06029824912548065,0.31012558937072754
310.0,0.3704230487346649,0.06031373143196106,0.31010931730270386
311.0,0.3704221844673157,0.06031683459877968,0.3101053535938263
312.0,0.37042149901390076,0.06033087521791458,0.3100906312465668
313.0,0.37042027711868286,0.06033455953001976,0.3100857138633728
314.0,0.3704197406768799,0.060345180332660675,0.3100745677947998
315.0,0.3704192340373993,0.06034933403134346,0.31006988883018494
316.0,0.3704184889793396,0.060354895889759064,0.31006360054016113
317.0,0.370417982339859,0.06036064773797989,0.3100573420524597
318.0,0.37041741609573364,0.06035943701863289,0.31005796790122986
319.0,0.3704167902469635,0.06036987528204918,0.310046911239624
320.0,0.3704163730144501,0.060368865728378296,0.3100475072860718
321.0,0.3704158365726471,0.060374222695827484,0.310041606426239
322.0,0.37041550874710083,0.06037504971027374,0.3100404739379883
323.0,0.3704151213169098,0.060375064611434937,0.31004005670547485
324.0,0.3704146444797516,0.060379769653081894,0.3100348711013794
325.0,0.37041395902633667,0.060375526547431946,0.31003841757774353
326.0,0.37041330337524414,0.06038223206996918,0.31003108620643616
327.0,0.37041276693344116,0.06037864461541176,0.3100341260433197
328.0,0.3704119622707367,0.06038370728492737,0.3100282549858093
329.0,0.3704116940498352,0.060379672795534134,0.3100320100784302
330.0,0.3704105317592621,0.06038377061486244,0.31002676486968994
331.0,0.3704095482826233,0.06037880480289459,0.3100307583808899
332.0,0.37040865421295166,0.06038208305835724,0.3100265860557556
333.0,0.37040719389915466,0.0603751540184021,0.31003203988075256
334.0,0.37040597200393677,0.06037770211696625,0.3100282549858093
335.0,0.37040433287620544,0.060368746519088745,0.3100355863571167
336.0,0.37040218710899353,0.060369156301021576,0.31003302335739136
337.0,0.3703996539115906,0.060358669608831406,0.31004098057746887
338.0,0.37039628624916077,0.06035494804382324,0.3100413382053375
339.0,0.370392769575119,0.06034310534596443,0.3100496530532837
340.0,0.37038812041282654,0.060332734137773514,0.31005537509918213
341.0,0.3703826367855072,0.06031832471489906,0.31006431579589844
342.0,0.370376318693161,0.06030426546931267,0.31007206439971924
343.0,0.3703698515892029,0.06029351428151131,0.3100763261318207
344.0,0.3703635036945343,0.060289353132247925,0.3100741505622864
345.0,0.3703576624393463,0.06029064580798149,0.3100670278072357
346.0,0.3703519403934479,0.060294728726148605,0.31005722284317017
347.0,0.37034618854522705,0.06029985845088959,0.31004631519317627
348.0,0.37034016847610474,0.060308195650577545,0.3100319802761078
349.0,0.3703334331512451,0.0603158138692379,0.3100176155567169
350.0,0.3703262507915497,0.060331664979457855,0.30999457836151123
351.0,0.3703184425830841,0.06033798307180405,0.30998045206069946
352.0,0.3703095316886902,0.0603783093392849,0.309931218624115
353.0,0.37029972672462463,0.06033923476934433,0.3099604845046997
354.0,0.3702889084815979,0.060420259833335876,0.3098686635494232
355.0,0.3702797293663025,0.06034809723496437,0.3099316358566284
356.0,0.3702692687511444,0.06044693663716316,0.30982232093811035
357.0,0.3702590763568878,0.060359690338373184,0.30989938974380493
358.0,0.37024906277656555,0.06039009615778923,0.3098589777946472
359.0,0.370240181684494,0.0603785403072834,0.3098616302013397
360.0,0.3702308237552643,0.060466136783361435,0.30976468324661255
361.0,0.37022003531455994,0.06043529137969017,0.30978474020957947
362.0,0.3702102303504944,0.060504183173179626,0.30970606207847595
363.0,0.37019968032836914,0.06052357330918312,0.3096761107444763
364.0,0.3701912462711334,0.06054744869470596,0.30964380502700806
365.0,0.3701823353767395,0.06056696176528931,0.3096153736114502
366.0,0.37017491459846497,0.06058959290385246,0.3095853328704834
367.0,0.3701670467853546,0.06058187410235405,0.30958518385887146
368.0,0.37015968561172485,0.06063326820731163,0.3095264136791229
369.0,0.37015193700790405,0.060624439269304276,0.3095274865627289
370.0,0.3701452910900116,0.060682374984025955,0.30946290493011475
371.0,0.3701377511024475,0.06066998839378357,0.30946776270866394
372.0,0.37013107538223267,0.06072498857975006,0.3094061017036438
373.0,0.3701242208480835,0.060717131942510605,0.3094070851802826
374.0,0.37011799216270447,0.060758091509342194,0.30935990810394287
375.0,0.37011122703552246,0.06076108291745186,0.3093501329421997
376.0,0.3701050281524658,0.060779742896556854,0.30932527780532837
377.0,0.3700985014438629,0.06078121066093445,0.30931729078292847
378.0,0.3700923025608063,0.06078770011663437,0.3093045949935913
379.0,0.37008535861968994,0.0607631616294384,0.30932220816612244
380.0,0.37007763981819153,0.06087522581219673,0.3092024028301239
381.0,0.37006986141204834,0.06079799681901932,0.3092718720436096
382.0,0.37006381154060364,0.0608525350689888,0.30921128392219543
383.0,0.3700568675994873,0.06076016277074814,0.30929669737815857
384.0,0.37004953622817993,0.06094777584075928,0.30910176038742065
385.0,0.3700425922870636,0.060958001762628555,0.30908459424972534
386.0,0.3700370192527771,0.06093507632613182,0.309101939201355
387.0,0.37003105878829956,0.06093238294124603,0.30909866094589233
388.0,0.37002429366111755,0.060907233506441116,0.30911704897880554
389.0,0.3700166344642639,0.060893259942531586,0.30912336707115173
390.0,0.37000882625579834,0.06089431792497635,0.3091145157814026
391.0,0.37000006437301636,0.06082013621926308,0.3091799318790436
392.0,0.36999228596687317,0.06086229160428047,0.3091299831867218
393.0,0.3699828088283539,0.060749031603336334,0.30923378467559814
394.0,0.3699744939804077,0.06094996631145477,0.30902451276779175
395.0,0.3699663281440735,0.06094813719391823,0.30901819467544556
396.0,0.3699610233306885,0.060901936143636703,0.3090590834617615
397.0,0.3699553906917572,0.06089906767010689,0.3090563118457794
398.0,0.3699498474597931,0.06088987737894058,0.3090599775314331
399.0,0.3699445128440857,0.060846202075481415,0.3090983033180237
400.0,0.3699403405189514,0.06085794419050217,0.30908238887786865
401.0,0.36993661522865295,0.06079133599996567,0.3091452717781067
402.0,0.3699326515197754,0.060825686901807785,0.3091069757938385
403.0,0.3699294924736023,0.060753002762794495,0.309176504611969
404.0,0.3699262738227844,0.06081432104110718,0.30911195278167725
405.0,0.3699232339859009,0.060783397406339645,0.30913984775543213
406.0,0.36992108821868896,0.0607815682888031,0.30913951992988586
407.0,0.3699188232421875,0.060815464705228806,0.3091033697128296
408.0,0.36991655826568604,0.06079437583684921,0.3091221749782562
409.0,0.3699144721031189,0.06078815460205078,0.3091263175010681
410.0,0.36991268396377563,0.0607689693570137,0.30914372205734253
411.0,0.36991047859191895,0.06076638773083687,0.3091440796852112
412.0,0.3699083924293518,0.060745496302843094,0.3091628849506378
413.0,0.36990585923194885,0.060742948204278946,0.3091629147529602
414.0,0.3699038028717041,0.060719460248947144,0.30918434262275696
415.0,0.3699018955230713,0.06072257086634636,0.3091793358325958
416.0,0.3698994517326355,0.060685377568006516,0.3092140853404999
417.0,0.36989662051200867,0.060708485543727875,0.3091881275177002
418.0,0.36989355087280273,0.06064911186695099,0.30924445390701294
419.0,0.36989083886146545,0.06076671928167343,0.3091241121292114
420.0,0.3698873519897461,0.06077041104435921,0.309116929769516
421.0,0.369884729385376,0.060760315507650375,0.3091244101524353
422.0,0.36988115310668945,0.06077814847230911,0.30910301208496094
423.0,0.36987748742103577,0.060773469507694244,0.3091040253639221
424.0,0.3698725700378418,0.060802459716796875,0.3090701103210449
425.0,0.3698669672012329,0.06081606075167656,0.30905091762542725
426.0,0.36986058950424194,0.06084851920604706,0.3090120553970337
427.0,0.3698522746562958,0.06089291721582413,0.30895936489105225
428.0,0.3698435127735138,0.06093263998627663,0.30891087651252747
429.0,0.36983174085617065,0.061004720628261566,0.3088270127773285
430.0,0.3698202073574066,0.061038196086883545,0.30878201127052307
431.0,0.36980658769607544,0.06110638752579689,0.30870020389556885
432.0,0.36979204416275024,0.06110401451587677,0.3086880147457123
433.0,0.36977535486221313,0.06116386502981186,0.3086114823818207
434.0,0.3697577714920044,0.061189573258161545,0.30856820940971375
435.0,0.3697358965873718,0.061040300875902176,0.30869558453559875
436.0,0.36971578001976013,0.06183653324842453,0.307879239320755
437.0,0.36969849467277527,0.06183798983693123,0.30786049365997314
438.0,0.36968547105789185,0.06177958846092224,0.3079058825969696
439.0,0.36967018246650696,0.06166208162903786,0.3080081045627594
440.0,0.3696548342704773,0.06167498230934143,0.30797985196113586
441.0,0.36963701248168945,0.06158321350812912,0.30805379152297974
442.0,0.3696214556694031,0.061612147837877274,0.3080092966556549
443.0,0.3696017861366272,0.06150161474943161,0.308100163936615
444.0,0.3695826232433319,0.06170013174414635,0.30788248777389526
445.0,0.36956143379211426,0.06158885359764099,0.30797258019447327
446.0,0.3695448338985443,0.06169654056429863,0.3078483045101166
447.0,0.3695240318775177,0.061533212661743164,0.30799081921577454
448.0,0.36950457096099854,0.06170801818370819,0.30779656767845154
449.0,0.36948180198669434,0.06163274869322777,0.30784904956817627
450.0,0.3694617748260498,0.061739321798086166,0.30772244930267334
451.0,0.3694338798522949,0.061721280217170715,0.3077126145362854
452.0,0.3694087862968445,0.06181774288415909,0.307591050863266
453.0,0.36937424540519714,0.06182418018579483,0.3075500726699829
454.0,0.36933964490890503,0.06196681782603264,0.3073728382587433
455.0,0.3692891597747803,0.062006618827581406,0.30728253722190857
456.0,0.369241863489151,0.06212390586733818,0.3071179687976837
457.0,0.36918002367019653,0.06207583099603653,0.3071042001247406
458.0,0.36911264061927795,0.06236094608902931,0.30675169825553894
459.0,0.369022399187088,0.062286823987960815,0.3067355751991272
460.0,0.3689379096031189,0.06258407235145569,0.3063538372516632
461.0,0.36883312463760376,0.06254400312900543,0.3062891364097595
462.0,0.3687349855899811,0.06259188801050186,0.3061431050300598
463.0,0.36862561106681824,0.06279813498258591,0.30582746863365173
464.0,0.3685135543346405,0.062242381274700165,0.30627116560935974
465.0,0.3684077262878418,0.0630357638001442,0.3053719699382782
466.0,0.3683215379714966,0.06303991377353668,0.3052816390991211
467.0,0.36825624108314514,0.06260547786951065,0.3056507706642151
468.0,0.3681824207305908,0.06269534677267075,0.3054870665073395
469.0,0.3681151568889618,0.06241660565137863,0.30569854378700256
470.0,0.36804935336112976,0.06240185722708702,0.30564749240875244
471.0,0.36796680092811584,0.06221267953515053,0.3057541251182556
472.0,0.36788299679756165,0.06222953647375107,0.30565345287323
473.0,0.36779430508613586,0.062075722962617874,0.3057185709476471
474.0,0.36770522594451904,0.06225471943616867,0.3054504990577698
475.0,0.36757373809814453,0.061937227845191956,0.3056364953517914
476.0,0.3674475848674774,0.062452320009469986,0.30499526858329773
477.0,0.3672918975353241,0.06249626353383064,0.30479562282562256
478.0,0.3671194016933441,0.06318967789411545,0.30392971634864807
479.0,0.36688166856765747,0.06378041952848434,0.30310124158859253
480.0,0.36663803458213806,0.0644100233912468,0.30222800374031067
481.0,0.36636441946029663,0.06489422172307968,0.30147019028663635
482.0,0.3660318851470947,0.06564629822969437,0.30038559436798096
483.0,0.36557871103286743,0.06634928286075592,0.2992294430732727
484.0,0.3651319742202759,0.06743120402097702,0.29770076274871826
485.0,0.3644942343235016,0.06812848895788193,0.29636573791503906
486.0,0.36390167474746704,0.06951334327459335,0.2943883240222931
487.0,0.3629903793334961,0.07029147446155548,0.2926989197731018
488.0,0.3619464039802551,0.07271382957696915,0.2892325818538666
489.0,0.36117321252822876,0.07336367666721344,0.2878095507621765
490.0,0.35983121395111084,0.07325426489114761,0.2865769565105438
491.0,0.3580940365791321,0.07815413177013397,0.2799399197101593
492.0,0.3570558428764343,0.07817847281694412,0.2788773775100708
493.0,0.3548520803451538,0.07706456631422043,0.2777875065803528
494.0,0.3503657877445221,0.07902669161558151,0.27133908867836
495.0,0.3435710668563843,0.0795435756444931,0.26402747631073
496.0,0.336317241191864,0.08413795381784439,0.2521792948246002
497.0,0.33091431856155396,0.08233200758695602,0.24858231842517853
498.0,0.3260253667831421,0.08389914780855179,0.2421262115240097
499.0,0.32052987813949585,0.08507392555475235,0.2354559600353241
500.0,0.31033799052238464,0.0872751846909523,0.22306281328201294
501.0,0.30235543847084045,0.07965626567602158,0.22269916534423828
502.0,0.2937900424003601,0.07227110117673874,0.22151894867420197
503.0,0.2825493812561035,0.0798233300447464,0.20272605121135712
504.0,0.2768443524837494,0.0753384679555893,0.2015058845281601
505.0,0.2726392149925232,0.07685467600822449,0.1957845240831375
506.0,0.26952406764030457,0.07583159953355789,0.19369246065616608
507.0,0.2658366560935974,0.07703569531440735,0.18880096077919006
508.0,0.2603808045387268,0.0758156105875969,0.18456518650054932
509.0,0.25289320945739746,0.07535121589899063,0.17754198610782623
510.0,0.2416943907737732,0.07583022117614746,0.16586416959762573
511.0,0.22353874146938324,0.07336448132991791,0.15017426013946533
512.0,0.19161847233772278,0.07643913477659225,0.11517934501171112
513.0,0.1749536395072937,0.07797088474035263,0.09698274731636047
514.0,0.1620095819234848,0.07698407769203186,0.08502550423145294
515.0,0.1496340036392212,0.07088083773851395,0.07875317335128784
516.0,0.14354054629802704,0.06983038783073425,0.07371015846729279
517.0,0.14011132717132568,0.06948834657669067,0.07062297314405441
518.0,0.13502439856529236,0.06776311993598938,0.06726127117872238
519.0,0.1320073902606964,0.06740779429674149,0.06459960341453552
520.0,0.1298273354768753,0.06697835773229599,0.06284897774457932
521.0,0.127494677901268,0.06649021804332733,0.061004459857940674
522.0,0.12478411942720413,0.06595154851675034,0.058832570910453796
523.0,0.12164297699928284,0.06441353261470795,0.05722944810986519
524.0,0.11811275780200958,0.0650087520480156,0.053104009479284286
525.0,0.1157391220331192,0.06420516967773438,0.05153395235538483
526.0,0.11398737132549286,0.06429935991764069,0.04968801513314247
527.0,0.11226491630077362,0.0640893206000328,0.048175595700740814
528.0,0.11041931807994843,0.06426701694726944,0.04615229740738869
529.0,0.1084795743227005,0.06413190066814423,0.044347673654556274
530.0,0.106381855905056,0.06447461992502213,0.041907235980033875
531.0,0.10417892783880234,0.06432124227285385,0.039857685565948486
532.0,0.1019129678606987,0.06460302323102951,0.03730994462966919
533.0,0.0995735228061676,0.06447023898363113,0.03510328382253647
534.0,0.09696865826845169,0.06443896889686584,0.032529689371585846
535.0,0.09403802454471588,0.06400544941425323,0.030032578855752945
536.0,0.09082444757223129,0.0634729415178299,0.027351507917046547
537.0,0.08725149929523468,0.062487196177244186,0.024764299392700195
538.0,0.08347392827272415,0.061250269412994385,0.022223658859729767
539.0,0.07951231300830841,0.05965569242835045,0.019856620579957962
540.0,0.07549984753131866,0.057736836373806,0.017763014882802963
541.0,0.071424201130867,0.05553417652845383,0.015890024602413177
542.0,0.06747166812419891,0.053164202719926834,0.014307468198239803
543.0,0.06347885727882385,0.05053073167800903,0.012948126532137394
544.0,0.05957980081439018,0.04788130149245262,0.011698499321937561
545.0,0.055542320013046265,0.04485375061631203,0.010688570328056812
546.0,0.05188886821269989,0.04222335293889046,0.009665514342486858
547.0,0.04817327857017517,0.03931666910648346,0.008856607601046562
548.0,0.045096464455127716,0.036980461329221725,0.008116002194583416
549.0,0.04198490083217621,0.034645240753889084,0.007339659612625837
550.0,0.039371274411678314,0.03250371664762497,0.006867557764053345
551.0,0.03673355281352997,0.0306924507021904,0.006041103508323431
552.0,0.0345735102891922,0.028851736336946487,0.005721773020923138
553.0,0.03257044032216072,0.02749757468700409,0.0050728642381727695
554.0,0.03079715371131897,0.025990037247538567,0.004807115998119116
555.0,0.029207885265350342,0.02488323487341404,0.0043246508575975895
556.0,0.027599357068538666,0.023607943207025528,0.003991414327174425
557.0,0.02610928937792778,0.022530855610966682,0.0035784333012998104
558.0,0.024826448410749435,0.021637938916683197,0.003188510425388813
559.0,0.023756593465805054,0.020849237218499184,0.002907355548813939
560.0,0.022706784307956696,0.02009737305343151,0.00260941032320261
561.0,0.021792232990264893,0.01943414844572544,0.0023580845445394516
562.0,0.020976269617676735,0.01883408986032009,0.002142180223017931
563.0,0.020238488912582397,0.018296798691153526,0.0019416906870901585
564.0,0.019511966034770012,0.017752453684806824,0.001759513164870441
565.0,0.018788062036037445,0.017211537808179855,0.001576524693518877
566.0,0.018032491207122803,0.01662927120923996,0.001403219299390912
567.0,0.017260964959859848,0.01602618768811226,0.0012347770389169455
568.0,0.01640833355486393,0.015358283184468746,0.0010500510688871145
569.0,0.015546477399766445,0.014638961292803288,0.0009075163397938013
570.0,0.014673449099063873,0.013925443403422832,0.0007480061030946672
571.0,0.013966293074190617,0.013323415070772171,0.0006428781780414283
572.0,0.013238659128546715,0.012688104063272476,0.0005505554145202041
573.0,0.012620784342288971,0.01214940007776022,0.0004713846428785473
574.0,0.012011499144136906,0.011597891338169575,0.00041360751492902637
575.0,0.011496293358504772,0.011134888976812363,0.00036140476004220545
576.0,0.010995831340551376,0.010673731565475464,0.0003220993676222861
577.0,0.010561006143689156,0.010272307321429253,0.000288698443910107
578.0,0.010131106711924076,0.009873177856206894,0.00025792865199036896
579.0,0.009746456518769264,0.009510437957942486,0.00023601902648806572
580.0,0.009366396814584732,0.00915584061294794,0.00021055637625977397
581.0,0.009029190056025982,0.008831294253468513,0.0001978955406229943
582.0,0.008697252720594406,0.008519954979419708,0.0001772979594534263
583.0,0.008405606262385845,0.008234662003815174,0.00017094414215534925
584.0,0.008118255995213985,0.007962788455188274,0.00015546780196018517
585.0,0.007865063846111298,0.007712847087532282,0.0001522163802292198
586.0,0.0076143331825733185,0.0074730548076331615,0.00014127834583632648
587.0,0.007388784550130367,0.007249709218740463,0.00013907518587075174
588.0,0.007160478737205267,0.007028965279459953,0.0001315135887125507
589.0,0.0069445036351680756,0.006815718952566385,0.00012878490088041872
590.0,0.006714632268995047,0.0065899807959795,0.0001246515312232077
591.0,0.006480489857494831,0.006361277308315039,0.000119212651043199
592.0,0.006239108741283417,0.00612096069380641,0.00011814807658083737
593.0,0.005996886640787125,0.005886356346309185,0.0001105301344068721
594.0,0.005764764733612537,0.005657139699906111,0.00010762509919004515
595.0,0.005534820724278688,0.005433402024209499,0.00010141872917301953
596.0,0.005314277950674295,0.0052172415889799595,9.703636169433594e-05
597.0,0.005104160867631435,0.005011288914829493,9.287214925279841e-05
598.0,0.004912680480629206,0.004823062103241682,8.961857383837923e-05
599.0,0.004733293782919645,0.0046495599672198296,8.3733735664282e-05
600.0,0.004578727763146162,0.004496756941080093,8.197073475457728e-05
601.0,0.004437359515577555,0.004360709339380264,7.665001612622291e-05
602.0,0.004309213254600763,0.004234211519360542,7.50015169614926e-05
603.0,0.0041848947294056416,0.004113927949219942,7.096666377037764e-05
604.0,0.004063885658979416,0.003993538673967123,7.034698501229286e-05
605.0,0.003944277763366699,0.0038794302381575108,6.484748155344278e-05
606.0,0.003828869666904211,0.0037646449636667967,6.422464502975345e-05
607.0,0.0037234274204820395,0.003663501236587763,5.9926212998107076e-05
608.0,0.003625239711254835,0.0035662134177982807,5.902618067921139e-05
609.0,0.003534978488460183,0.003479327540844679,5.565084939007647e-05
610.0,0.003451218130066991,0.00339699094183743,5.4227195505518466e-05
611.0,0.0033727497793734074,0.0033211749978363514,5.1574712415458634e-05
612.0,0.003299826057627797,0.0032506303396075964,4.9195659812539816e-05
613.0,0.003230301896110177,0.003182134823873639,4.816701039089821e-05
614.0,0.003164903959259391,0.003120322711765766,4.458118201000616e-05
615.0,0.003103599650785327,0.003058935049921274,4.466450627660379e-05
616.0,0.003046697936952114,0.003005937673151493,4.0760285628493875e-05
617.0,0.0029939303640276194,0.0029534269124269485,4.0503415220882744e-05
618.0,0.0029399865306913853,0.0029035781044512987,3.6408328014658764e-05
619.0,0.0028918010648339987,0.0028562613297253847,3.553968053893186e-05
620.0,0.0028460605535656214,0.0028116556350141764,3.440498039708473e-05
621.0,0.00280148652382195,0.002768488833680749,3.299758827779442e-05
622.0,0.0027532426174730062,0.0027204223442822695,3.2820356864249334e-05
623.0,0.002700377255678177,0.002668726025149226,3.1651175959268585e-05
624.0,0.002640681341290474,0.0026086491998285055,3.203209780622274e-05
625.0,0.0025727127213031054,0.0025417658034712076,3.0946819606469944e-05
626.0,0.002499127294868231,0.002467973856255412,3.1153431336861104e-05
627.0,0.002419213065877557,0.0023889909498393536,3.0222015993786044e-05
628.0,0.0023377076722681522,0.0023079628590494394,2.9744853236479685e-05
629.0,0.0022525715176016092,0.0022238916717469692,2.8679818569798954e-05
630.0,0.002165489597246051,0.002137111034244299,2.837845568137709e-05
631.0,0.0020793455187231302,0.002052276860922575,2.706871964619495e-05
632.0,0.0019909318070858717,0.001963745104148984,2.718675386859104e-05
633.0,0.0019055847078561783,0.0018788905581459403,2.6694115149439313e-05
634.0,0.0018195061711594462,0.0017944341525435448,2.5072036805795506e-05
635.0,0.0017331821145489812,0.001708293566480279,2.4888558982638642e-05
636.0,0.0016490918351337314,0.0016255896771326661,2.3502178009948693e-05
637.0,0.0015689407009631395,0.0015458513516932726,2.3089298338163644e-05
638.0,0.0014918813249096274,0.0014701565960422158,2.172470158257056e-05
639.0,0.0014190186047926545,0.0013979276409372687,2.109091292368248e-05
640.0,0.0013497555628418922,0.0013299669371917844,1.9788581994362175e-05
641.0,0.0012847190955653787,0.001265700557269156,1.901850373542402e-05
642.0,0.0012236159527674317,0.0012057729763910174,1.7843030946096405e-05
643.0,0.0011665719794109464,0.0011497150408104062,1.6856949514476582e-05
644.0,0.0011135494569316506,0.0010977779747918248,1.5771436665090732e-05
645.0,0.0010641813278198242,0.0010495921596884727,1.4589174497814383e-05
646.0,0.00101839704439044,0.001004819292575121,1.3577734534919728e-05
647.0,0.0009756164508871734,0.0009633856825530529,1.2230784705025144e-05
648.0,0.0009361621923744678,0.0009248398710042238,1.132230318034999e-05
649.0,0.0008992761722765863,0.0008893077028915286,9.968455742637161e-06
650.0,0.0008655571728013456,0.0008563768351450562,9.180352208204567e-06
651.0,0.0008343655499629676,0.0008263967465609312,7.968825229909271e-06
652.0,0.0008061247644945979,0.0007988191209733486,7.305632607312873e-06
653.0,0.0007798164151608944,0.000773497624322772,6.318809937511105e-06
654.0,0.0007562998216599226,0.0007505707326345146,5.729110853280872e-06
655.0,0.0007341354503296316,0.0007292254595085979,4.9100017349701375e-06
656.0,0.0007140574743971229,0.0007095440523698926,4.513412022788543e-06
657.0,0.0006952533149160445,0.0006915187113918364,3.7345910186559195e-06
658.0,0.0006786021986044943,0.0006750462343916297,3.5559587558964267e-06
659.0,0.0006625913665629923,0.0006598717300221324,2.719659278227482e-06
660.0,0.0006482843891717494,0.0006455133552663028,2.771033678072854e-06
661.0,0.0006354357465170324,0.0006332321208901703,2.2036026621208293e-06
662.0,0.0006245477707125247,0.0006224608514457941,2.0869465515716e-06
663.0,0.0006148529937490821,0.0006130313850007951,1.8215833961221506e-06
664.0,0.0006061721942387521,0.0006045051268301904,1.667089236434549e-06
665.0,0.0005985173629596829,0.0005969848716631532,1.532518581370823e-06
666.0,0.0005915474030189216,0.0005901679978705943,1.3794153801427456e-06
667.0,0.0005853497423231602,0.000584043562412262,1.3061617210041732e-06
668.0,0.0005797744379378855,0.0005785702960565686,1.2041274430885096e-06
669.0,0.0005747088580392301,0.0005735406302846968,1.1682386684697121e-06
670.0,0.0005701177869923413,0.0005690171383321285,1.100675717680133e-06
671.0,0.00056590506574139,0.0005647935904562473,1.1114827884739498e-06
672.0,0.0005621278542093933,0.0005610728403553367,1.0550168099143775e-06
673.0,0.0005586681654676795,0.0005575719405896962,1.0961964562739013e-06
674.0,0.0005555021925829351,0.000554440775886178,1.061401690094499e-06
675.0,0.0005525989108718932,0.0005514820222742856,1.116890871344367e-06
676.0,0.0005499505787156522,0.0005488523747771978,1.0981771083606873e-06
677.0,0.0005474472418427467,0.0005462798289954662,1.1674393363136915e-06
678.0,0.0005451827310025692,0.0005440237000584602,1.1590373105718754e-06
679.0,0.0005430474993772805,0.000541822868399322,1.224648826791963e-06
680.0,0.0005410462617874146,0.0005398056237027049,1.2406245559759554e-06
681.0,0.0005390578298829496,0.0005377347697503865,1.3230602462499519e-06
682.0,0.0005370303988456726,0.0005356937763281167,1.3366500297706807e-06
683.0,0.0005350903375074267,0.0005336601752787828,1.4301566579888458e-06
684.0,0.0005331086576916277,0.0005316610913723707,1.4475451735052047e-06
685.0,0.0005310851847752929,0.0005295489681884646,1.5362444401034736e-06
686.0,0.0005289678229019046,0.0005273958086036146,1.5719899693067418e-06
687.0,0.0005266091320663691,0.00052494095871225,1.668179265834624e-06
688.0,0.0005237616132944822,0.0005220810999162495,1.6805308860057266e-06
689.0,0.0005209174705669284,0.000519144581630826,1.7728843886288814e-06
690.0,0.0005178546998649836,0.0005160559085197747,1.7987625824389397e-06
691.0,0.0005145430914126337,0.0005126695614308119,1.8735295270744245e-06
692.0,0.000510788056999445,0.0005089575424790382,1.8305092908121878e-06
693.0,0.0005064181168563664,0.0005045515717938542,1.8665209609025624e-06
694.0,0.0005013916525058448,0.0004995234776288271,1.8681907931750175e-06
695.0,0.0004956827033311129,0.0004937516641803086,1.931028691615211e-06
696.0,0.000489114667288959,0.0004872817953582853,1.8328711348658544e-06
697.0,0.0004817694425582886,0.0004799598827958107,1.8095535097018e-06
698.0,0.00047311378875747323,0.0004709175555035472,2.196247805841267e-06
699.0,0.0004643335414584726,0.0004618501116055995,2.4834250780259026e-06
700.0,0.000453874294180423,0.00045175093691796064,2.1233463485259563e-06
701.0,0.00044285706826485693,0.00044040437205694616,2.452696207910776e-06
702.0,0.00043144187657162547,0.0004292161902412772,2.225675416411832e-06
703.0,0.0004193641652818769,0.0004169912135694176,2.372964672758826e-06
704.0,0.0004067809786647558,0.00040483646444045007,1.9445237740001176e-06
705.0,0.00039498182013630867,0.00039303547237068415,1.946340034919558e-06
706.0,0.0003830031491816044,0.0003810510679613799,1.952080310729798e-06
707.0,0.00037030139355920255,0.00036859328974969685,1.7080975567296264e-06
708.0,0.000358122430043295,0.000356340897269547,1.781520154509053e-06
709.0,0.00034694309579208493,0.0003451925003901124,1.7505910818726989e-06
710.0,0.0003355671069584787,0.0003336999216116965,1.8671823909244267e-06
711.0,0.00032496984931640327,0.0003231291484553367,1.8407056359137641e-06
712.0,0.0003153965517412871,0.000313663826091215,1.7327332670902251e-06
713.0,0.00030589968082495034,0.0003042175667360425,1.6821002191136358e-06
714.0,0.0002965379389934242,0.0002951133355963975,1.4246030559661449e-06
715.0,0.00028812556411139667,0.00028678859234787524,1.336981540589477e-06
716.0,0.0002793708990793675,0.00027793602203018963,1.4348902368510608e-06
717.0,0.0002705770020838827,0.00026916631031781435,1.4106817616266198e-06
718.0,0.00026147576863877475,0.0002603018656373024,1.1739118690456962e-06
719.0,0.0002526101015973836,0.0002514363150112331,1.1737778322640224e-06
720.0,0.00024455972015857697,0.00024357344955205917,9.862569640972652e-07
721.0,0.00023719701857771724,0.00023621006403118372,9.869556834019022e-07
722.0,0.00022956907923799008,0.00022889503452461213,6.740436333529942e-07
723.0,0.00022249625180847943,0.00022186517890077084,6.310767162176489e-07
724.0,0.0002153496170649305,0.00021490889776032418,4.407153255669982e-07
725.0,0.00020837323972955346,0.00020795765158254653,4.155886017542798e-07
726.0,0.00020116344967391342,0.0002008642622968182,2.9918192012701184e-07
727.0,0.00019420377793721855,0.00019393021648284048,2.735588111590914e-07
728.0,0.0001869873667601496,0.00018676248146221042,2.2488384843200038e-07
729.0,0.00018006747995968908,0.00017986322927754372,2.0424946001185162e-07
730.0,0.00017276755534112453,0.00017258923617191613,1.7831371224019676e-07
731.0,0.00016598419460933656,0.00016583039541728795,1.5379741569176986e-07
732.0,0.00015860145504120737,0.00015845632879063487,1.4512200152694277e-07
733.0,0.00015209868433885276,0.00015197895118035376,1.1972690572292777e-07
734.0,0.00014516344526782632,0.00014505197759717703,1.1146528322569793e-07
735.0,0.0001391174300806597,0.00013901994680054486,9.748816864885157e-08
736.0,0.00013275731180328876,0.00013265972665976733,9.757811625377144e-08
737.0,0.0001269630593014881,0.00012688525021076202,7.780535327128746e-08
738.0,0.00012094326666556299,0.00012085948401363567,8.378589200219722e-08
739.0,0.00011547098984010518,0.00011540777632035315,6.321300816125586e-08
740.0,0.00010976385965477675,0.00010969417780870572,6.968400612095138e-08
741.0,0.00010471351561136544,0.00010466560343047604,4.79115200846536e-08
742.0,9.948262595571578e-05,9.942831820808351e-05,5.430790395166696e-08
743.0,9.507935465080664e-05,9.504333138465881e-05,3.6024001559553653e-08
744.0,9.06001150724478e-05,9.055885311681777e-05,4.126069796939191e-08
745.0,8.682438055984676e-05,8.679586608195677e-05,2.8516852879079124e-08
746.0,8.31100987852551e-05,8.307789539685473e-05,3.2203057998003715e-08
747.0,7.98797482275404e-05,7.985662523424253e-05,2.312564717499299e-08
748.0,7.676134555367753e-05,7.67338351579383e-05,2.750826944009077e-08
749.0,7.408006786135957e-05,7.406168879242614e-05,1.8375832411265947e-08
750.0,7.15367859811522e-05,7.151540194172412e-05,2.1381271864129303e-08
751.0,6.934643170097843e-05,6.933059194125235e-05,1.5838752531749378e-08
752.0,6.73045651637949e-05,6.728698645019904e-05,1.758128043150009e-08
753.0,6.554634455824271e-05,6.553348794113845e-05,1.2858928144510173e-08
754.0,6.390245835063979e-05,6.388689507730305e-05,1.5565390754090913e-08
755.0,6.252158345887437e-05,6.251098238863051e-05,1.0604374267586536e-08
756.0,6.116944859968498e-05,6.11558643868193e-05,1.3583861147026255e-08
757.0,6.000746361678466e-05,5.9997604694217443e-05,9.858229788051176e-09
758.0,5.887518636882305e-05,5.886043072678149e-05,1.4753882560114562e-08
759.0,5.7766119425650686e-05,5.7756813475862145e-05,9.304735648640872e-09
760.0,5.6645774748176336e-05,5.662791591021232e-05,1.786022707506163e-08
761.0,5.552216316573322e-05,5.5509233789052814e-05,1.292892726212358e-08
762.0,5.443243571789935e-05,5.4412368626799434e-05,2.0068011252760698e-08
763.0,5.3310963266994804e-05,5.3295752877602354e-05,1.5210376957952576e-08
764.0,5.230195165495388e-05,5.228773079579696e-05,1.4221146926729489e-08
765.0,5.113131192047149e-05,5.109696212457493e-05,3.4349973532243894e-08
766.0,5.0165970606030896e-05,5.012660039938055e-05,3.9370121385218226e-08
767.0,4.919849743600935e-05,4.915644967695698e-05,4.204691705922414e-08
768.0,4.818512388737872e-05,4.814300700672902e-05,4.211850779256565e-08
769.0,4.7174478822853416e-05,4.712959344033152e-05,4.488502014510232e-08
770.0,4.614942008629441e-05,4.610311589203775e-05,4.63026061936489e-08
771.0,4.516826447797939e-05,4.511914448812604e-05,4.911829165621384e-08
772.0,4.430905755725689e-05,4.42570963059552e-05,5.1962739888722353e-08
773.0,4.3350202759029344e-05,4.333564356784336e-05,1.455955978002521e-08
774.0,4.259313936927356e-05,4.257621185388416e-05,1.6927266699440224e-08
775.0,4.179478492005728e-05,4.177512164460495e-05,1.9663080053078374e-08
776.0,4.10378779633902e-05,4.1018072806764394e-05,1.9805696638286463e-08
777.0,4.0301805711351335e-05,4.027878094348125e-05,2.3024913531344282e-08
778.0,3.9604077755939215e-05,3.957853914471343e-05,2.5537254089158523e-08
779.0,3.8949045119807124e-05,3.8923775719013065e-05,2.5269581982456657e-08
780.0,3.828831177088432e-05,3.8246002077357844e-05,4.2311427250751876e-08
781.0,3.76605566998478e-05,3.7623012758558616e-05,3.7542470465723454e-08
782.0,3.709408701979555e-05,3.7052854167995974e-05,4.123177177461912e-08
783.0,3.660594666143879e-05,3.65651685569901e-05,4.077839932392635e-08
784.0,3.6161985917715356e-05,3.611981082940474e-05,4.217540805484532e-08
785.0,3.574628499336541e-05,3.5706496419152245e-05,3.9786769434613234e-08
786.0,3.5397148167248815e-05,3.535725409165025e-05,3.9892888992199005e-08
787.0,3.5077693610219285e-05,3.503715561237186e-05,4.053956814686899e-08
788.0,3.4806260373443365e-05,3.4767832403304055e-05,3.8426549053838244e-08
789.0,3.4562683140393347e-05,3.4522468922659755e-05,4.0213208762907016e-08
790.0,3.4358075936324894e-05,3.4320186387049034e-05,3.789031310930113e-08
791.0,3.416219260543585e-05,3.412346632103436e-05,3.87271192892058e-08
792.0,3.397645923541859e-05,3.393890801817179e-05,3.755081223744128e-08
793.0,3.3811094908742234e-05,3.377458779141307e-05,3.6505852563095686e-08
794.0,3.367365206941031e-05,3.3638232707744464e-05,3.541834558973278e-08
795.0,3.351295890752226e-05,3.347791061969474e-05,3.504722201341792e-08
796.0,3.339423346915282e-05,3.335996007081121e-05,3.42741905967614e-08
797.0,3.325623765704222e-05,3.3223521313630044e-05,3.271629722689795e-08
798.0,3.313164415885694e-05,3.309925887151621e-05,3.2384701142973427e-08
799.0,3.300699609098956e-05,3.297580042271875e-05,3.119566116538408e-08
800.0,3.290398308308795e-05,3.28739988617599e-05,2.998563530809406e-08
801.0,3.2795211154734716e-05,3.2767093216534704e-05,2.8117691286411173e-08
802.0,3.2661104341968894e-05,3.263209873693995e-05,2.900633511160322e-08
803.0,3.2560528779868037e-05,3.2533574994886294e-05,2.6952880816111247e-08
804.0,3.2458170608151704e-05,3.243034007027745e-05,2.7829500481857394e-08
805.0,3.2332540286006406e-05,3.2307747460436076e-05,2.47943212627888e-08
806.0,3.222349187126383e-05,3.219977952539921e-05,2.3712024344035854e-08
807.0,3.208739872206934e-05,3.2064610422821715e-05,2.278759225760041e-08
808.0,3.195238605258055e-05,3.1929725082591176e-05,2.266248522175829e-08
809.0,3.182371801813133e-05,3.180148632964119e-05,2.2233438201624267e-08
810.0,3.168505645589903e-05,3.1663061236031353e-05,2.1996919841171803e-08
811.0,3.155476588290185e-05,3.153383295284584e-05,2.0933651256882513e-08
812.0,3.142743662465364e-05,3.1406911148224026e-05,2.0525300570284344e-08
813.0,3.128457683487795e-05,3.126462979707867e-05,1.994719411868573e-08
814.0,3.114171340712346e-05,3.1121555366553366e-05,2.015810274258456e-08
815.0,3.100981120951474e-05,3.099057721556164e-05,1.923243964085941e-08
816.0,3.087248478550464e-05,3.085344724240713e-05,1.903832114180659e-08
817.0,3.074202686548233e-05,3.072334220632911e-05,1.8685344826963046e-08
818.0,3.0590337701141834e-05,3.057283174712211e-05,1.7504635962950488e-08
819.0,3.0450182748609222e-05,3.043246761080809e-05,1.7714285149850184e-08
820.0,3.0275736207840964e-05,3.0262050131568685e-05,1.3686417332792189e-08
821.0,3.0146702556521632e-05,3.013243986060843e-05,1.426275808569244e-08
822.0,3.001452387252357e-05,3.0001034247106872e-05,1.3490080164046958e-08
823.0,2.9860138965887018e-05,2.9846087272744626e-05,1.405178373659055e-08
824.0,2.971906360471621e-05,2.970534114865586e-05,1.3721564329216562e-08
825.0,2.9518656447180547e-05,2.9498452931875363e-05,2.0203728468004556e-08
826.0,2.9336524676182307e-05,2.931848393927794e-05,1.8041202309859727e-08
827.0,2.9115990400896408e-05,2.9098204322508536e-05,1.77869221573701e-08
828.0,2.884314744733274e-05,2.8824824767070822e-05,1.8322486639021918e-08
829.0,2.8560534701682627e-05,2.8543672669911757e-05,1.686137807155319e-08
830.0,2.822507121891249e-05,2.8206668503116816e-05,1.840260033247887e-08
831.0,2.7825248253066093e-05,2.7809011953650042e-05,1.6235791377994246e-08
832.0,2.7418664103606716e-05,2.7396419682190754e-05,2.224367356973289e-08
833.0,2.694684371817857e-05,2.6924704798148014e-05,2.2138438637853142e-08
834.0,2.6431691367179155e-05,2.6415485990582965e-05,1.6206257669182378e-08
835.0,2.581863009254448e-05,2.580159889475908e-05,1.703037888489689e-08
836.0,2.5228440790669993e-05,2.5209408704540692e-05,1.903275226311507e-08
837.0,2.4576549549237825e-05,2.455682260915637e-05,1.9727526279211816e-08
838.0,2.3910730305942707e-05,2.3893011530162767e-05,1.771960000951367e-08
839.0,2.323912485735491e-05,2.322012915101368e-05,1.8996042072672026e-08
840.0,2.257473715872038e-05,2.2557051124749705e-05,1.768520796474604e-08
841.0,2.1914367607678287e-05,2.1898478735238314e-05,1.5888126370100508e-08
842.0,2.129262065864168e-05,2.1274678147165105e-05,1.7943076358051258e-08
843.0,2.068156209134031e-05,2.0670882804552093e-05,1.067989074954312e-08
844.0,2.0118342945352197e-05,2.0106121155549772e-05,1.2221661904732173e-08
845.0,1.9593026081565768e-05,1.9583283574320376e-05,9.741960127485072e-09
846.0,1.916505971166771e-05,1.9155248082824983e-05,9.811571999307489e-09
847.0,1.8794366042129695e-05,1.878598595794756e-05,8.380748539593696e-09
848.0,1.8480175640434027e-05,1.847240491770208e-05,7.770295518128023e-09
849.0,1.820486613723915e-05,1.8198994439444505e-05,5.872562436337603e-09
850.0,1.7969912732951343e-05,1.796403194020968e-05,5.881500619864255e-09
851.0,1.775031523720827e-05,1.7746460798662156e-05,3.854371044553773e-09
852.0,1.7564780137035996e-05,1.7560894775670022e-05,3.8860630269255125e-09
853.0,1.7401001969119534e-05,1.7398735508322716e-05,2.2659674137059937e-09
854.0,1.72615018527722e-05,1.725974289001897e-05,1.758896694958878e-09
855.0,1.7143074728664942e-05,1.714154495857656e-05,1.5294259192444315e-09
856.0,1.7036363715305924e-05,1.703488851489965e-05,1.474527167033557e-09
857.0,1.6939889974310063e-05,1.6938976841629483e-05,9.128369171662598e-10
858.0,1.6853897250257432e-05,1.6852984117576852e-05,9.138894085936045e-10
859.0,1.6781417798483744e-05,1.67807284014998e-05,6.894982362837254e-10
860.0,1.670921301410999e-05,1.670794517849572e-05,1.2683473160635117e-09
861.0,1.6648666132823564e-05,1.664742740103975e-05,1.239567781752271e-09
862.0,1.6590709492447786e-05,1.6589376173214987e-05,1.3333119053271503e-09
863.0,1.6537933333893307e-05,1.6536048860871233e-05,1.8838748339078393e-09
864.0,1.649352998356335e-05,1.6491845599375665e-05,1.6835743910093015e-09
865.0,1.6448775568278506e-05,1.644635631237179e-05,2.4184225733137055e-09
866.0,1.6404954294557683e-05,1.6402420442318544e-05,2.533523391079484e-09
867.0,1.6362155292881653e-05,1.6359119399567135e-05,3.0354989632996876e-09
868.0,1.6327463526977226e-05,1.6323814634233713e-05,3.6493648103430587e-09
869.0,1.629494181543123e-05,1.629103280720301e-05,3.908215084891253e-09
870.0,1.625865297683049e-05,1.6254023648798466e-05,4.629987060411622e-09
871.0,1.6228139429586008e-05,1.6223244529101066e-05,4.894157079604611e-09
872.0,1.619815157027915e-05,1.6192352632060647e-05,5.798223678965542e-09
873.0,1.6163869076990522e-05,1.61575990205165e-05,6.270536534458415e-09
874.0,1.6134456018335186e-05,1.6127574781421572e-05,6.88051260411271e-09
875.0,1.6108693671412766e-05,1.6101594155770727e-05,7.099584031777795e-09
876.0,1.6084624803625047e-05,1.6077050531748682e-05,7.574122662390437e-09
877.0,1.604769022378605e-05,1.6039659385569394e-05,8.030483833465496e-09
878.0,1.6013373169698752e-05,1.6004951248760335e-05,8.422166075661153e-09
879.0,1.5978695955709554e-05,1.597013761056587e-05,8.558590280927092e-09
880.0,1.5943514881655574e-05,1.5934811017359607e-05,8.704157394845424e-09
881.0,1.590529427630827e-05,1.5897105186013505e-05,8.188441036338645e-09
882.0,1.5867111869738437e-05,1.5857824109843932e-05,9.28708843161985e-09
883.0,1.5824718502699398e-05,1.5815099686733447e-05,9.618891461116164e-09
884.0,1.5786852600285783e-05,1.5776946383994073e-05,9.906224285316512e-09
885.0,1.574108136992436e-05,1.573086774442345e-05,1.0213386580915085e-08
886.0,1.5704263205407187e-05,1.5694469766458496e-05,9.792575639266943e-09
887.0,1.5652403817512095e-05,1.564152626087889e-05,1.0877696965394534e-08
888.0,1.560693453939166e-05,1.559877273393795e-05,8.16111889179183e-09
889.0,1.5560301108052954e-05,1.55518609972205e-05,8.439673848670282e-09
890.0,1.5516912753810175e-05,1.5508552678511478e-05,8.360499847981373e-09
891.0,1.5461138900718652e-05,1.545294617244508e-05,8.193535627754045e-09
892.0,1.541185520181898e-05,1.540385710541159e-05,7.997755346877966e-09
893.0,1.5363153579528444e-05,1.53553337440826e-05,7.820498915123153e-09
894.0,1.5313496987801045e-05,1.5306048226193525e-05,7.4480972500623466e-09
895.0,1.5254160643962678e-05,1.5245975191646721e-05,8.185638833424491e-09
896.0,1.5209946468530688e-05,1.520157547929557e-05,8.370988346939612e-09
897.0,1.5149156752158888e-05,1.5141268704610411e-05,7.887610564694114e-09
898.0,1.5089198313944507e-05,1.5081863239174709e-05,7.335219986970287e-09
899.0,1.5047998203954194e-05,1.5041208826005459e-05,6.789292683606618e-09
900.0,1.4986055248300545e-05,1.4979589650465641e-05,6.466035262775449e-09
901.0,1.493502531957347e-05,1.4928918062651064e-05,6.107315542180913e-09
902.0,1.4888289115333464e-05,1.4883520634612069e-05,4.768200945193257e-09
903.0,1.48232602441567e-05,1.481902290834114e-05,4.2373895503544645e-09
904.0,1.4764632396691013e-05,1.4760607882635668e-05,4.0243097743086764e-09
905.0,1.4704895875183865e-05,1.4700942301715259e-05,3.953200877759855e-09
906.0,1.4646532690676395e-05,1.4642131645814516e-05,4.4010928235138636e-09
907.0,1.4590371392841917e-05,1.4586124962079339e-05,4.2462868776738105e-09
908.0,1.4534633919538464e-05,1.45298299685237e-05,4.803568209865716e-09
909.0,1.4471674148808233e-05,1.4466479115071706e-05,5.194987107159932e-09
910.0,1.4414993529499043e-05,1.4408770766749512e-05,6.222319548498945e-09
911.0,1.4363153240992688e-05,1.435638296243269e-05,6.770248361931408e-09
912.0,1.4288890270108823e-05,1.4281061339715961e-05,7.829242143486681e-09
913.0,1.4231523891794495e-05,1.4223604921426158e-05,7.918775857262972e-09
914.0,1.416436589352088e-05,1.415442875440931e-05,9.937184408670419e-09
915.0,1.4101403394306544e-05,1.4090912372921593e-05,1.0490919244432462e-08
916.0,1.4033882507646922e-05,1.402076395606855e-05,1.3118564901049012e-08
917.0,1.3951958862890024e-05,1.3937202311353758e-05,1.475685174057162e-08
918.0,1.3876495358999819e-05,1.385988070978783e-05,1.6614698949979356e-08
919.0,1.3801895875076298e-05,1.378541492158547e-05,1.6481331854834025e-08
920.0,1.3713271073356736e-05,1.3691959793504793e-05,2.1310871289870192e-08
921.0,1.3623075574287213e-05,1.360064106847858e-05,2.2434287316741575e-08
922.0,1.3524948371923529e-05,1.350151069345884e-05,2.343783123137655e-08
923.0,1.3415714420261793e-05,1.3390760614129249e-05,2.4954161403911712e-08
924.0,1.3309346286405344e-05,1.3284507076605223e-05,2.483912631134899e-08
925.0,1.3177689652366098e-05,1.3149010555935092e-05,2.8679522756647202e-08
926.0,1.305401929130312e-05,1.3024071449763142e-05,2.994817549506479e-08
927.0,1.2901304216939025e-05,1.2870262253272813e-05,3.104189261193824e-08
928.0,1.2742499166051857e-05,1.2709210750472266e-05,3.3288483081150844e-08
929.0,1.2564431017381139e-05,1.2529916602943558e-05,3.451456720426904e-08
930.0,1.2374926882330328e-05,1.233925468113739e-05,3.567241080304484e-08
931.0,1.2158326171629597e-05,1.2119297934987117e-05,3.902784229126155e-08
932.0,1.1922914382012095e-05,1.1888521839864552e-05,3.439209450561975e-08
933.0,1.1675582754833158e-05,1.1632916539383586e-05,4.2666105315447567e-08
934.0,1.1386391634005122e-05,1.1345387974870391e-05,4.100374084714531e-08
935.0,1.112387781176949e-05,1.1077460840169806e-05,4.641711370823032e-08
936.0,1.0819971066666767e-05,1.0775941518659238e-05,4.402909681289202e-08
937.0,1.0544130418566056e-05,1.0495456081116572e-05,4.867417047194067e-08
938.0,1.024238190439064e-05,1.0194886272074655e-05,4.7495586130708034e-08
939.0,9.947856597136706e-06,9.904539183480665e-06,4.331782221811409e-08
940.0,9.677407433628105e-06,9.62853755481774e-06,4.886954130256527e-08
941.0,9.428647899767384e-06,9.393184882355854e-06,3.5463347813902146e-08
942.0,9.206099093717057e-06,9.160827175946906e-06,4.5271985271710946e-08
943.0,8.98048256203765e-06,8.948510185291525e-06,3.197198594762085e-08
944.0,8.804976459941827e-06,8.764857739151921e-06,4.011844723095237e-08
945.0,8.614447324362118e-06,8.58575185702648e-06,2.869561122054165e-08
946.0,8.46883631311357e-06,8.438891200057697e-06,2.9945166346578844e-08
947.0,8.319255357491784e-06,8.293945938930847e-06,2.5309542905915805e-08
948.0,8.171006811608095e-06,8.145423635141924e-06,2.5583206664236968e-08
949.0,8.060056643444113e-06,8.035620339796878e-06,2.4436134893335293e-08
950.0,7.954227839945816e-06,7.933362212497741e-06,2.086577310933535e-08
951.0,7.861249287088867e-06,7.83999712439254e-06,2.1252601456467346e-08
952.0,7.772832759656012e-06,7.756011655146722e-06,1.682109918021979e-08
953.0,7.684657248319127e-06,7.66688935982529e-06,1.7767504800758616e-08
954.0,7.593740519951098e-06,7.57991165301064e-06,1.3828985956365614e-08
955.0,7.5124253271496855e-06,7.496942544094054e-06,1.5482950033174347e-08
956.0,7.433495738951024e-06,7.422318958560936e-06,1.1176932268597284e-08
957.0,7.355810794251738e-06,7.342423032241641e-06,1.3387885466897842e-08
958.0,7.279837063833838e-06,7.271078175108414e-06,8.75893579888043e-09
959.0,7.203275799838593e-06,7.191192253230838e-06,1.2083450684485797e-08
960.0,7.128714514692547e-06,7.119393558241427e-06,9.3208818441326e-09
961.0,7.062867098284187e-06,7.051768079691101e-06,1.1099013264015412e-08
962.0,6.992340331635205e-06,6.983821549511049e-06,8.518930449952222e-09
963.0,6.9278530645533465e-06,6.919007773831254e-06,8.845258747669504e-09
964.0,6.864263013994787e-06,6.856872914795531e-06,7.390092093828571e-09
965.0,6.8021017796127126e-06,6.79459526509163e-06,7.506514521082863e-09
966.0,6.741035576851573e-06,6.7354858401813544e-06,5.549893433709485e-09
967.0,6.676887096546125e-06,6.670801212749211e-06,6.0859930428591724e-09
968.0,6.614868198084878e-06,6.610760920011671e-06,4.107090223470777e-09
969.0,6.556844709848519e-06,6.5520739553903695e-06,4.770764672201722e-09
970.0,6.503266376967076e-06,6.500399194919737e-06,2.8673385887856284e-09
971.0,6.452871730289189e-06,6.44954798190156e-06,3.3238150010106438e-09
972.0,6.41019141767174e-06,6.408092303900048e-06,2.099301177338475e-09
973.0,6.3686784415040165e-06,6.36563800071599e-06,3.0406226425583327e-09
974.0,6.3251568462874275e-06,6.3237348513212055e-06,1.4221330779662367e-09
975.0,6.2895896917325445e-06,6.287739779509138e-06,1.850122499647e-09
976.0,6.255569587665377e-06,6.2540143517253455e-06,1.555101936112635e-09
977.0,6.228423899301561e-06,6.2272624745673966e-06,1.1613631167861627e-09
978.0,6.200524239829974e-06,6.19904449195019e-06,1.479933620096574e-09
979.0,6.175896487548016e-06,6.174996087793261e-06,9.003677248209385e-10
980.0,6.152211426524445e-06,6.151387424324639e-06,8.241440307976688e-10
981.0,6.132516318757553e-06,6.131506779638585e-06,1.0094302060892346e-09
982.0,6.108138222771231e-06,6.107097306085052e-06,1.0409437756209172e-09
983.0,6.089851922297385e-06,6.089152520871721e-06,6.995595214220884e-10
984.0,6.069575192668708e-06,6.068717539164936e-06,8.576823695705116e-10
985.0,6.0549978115886915e-06,6.054526238585822e-06,4.714489909574127e-10
986.0,6.035812930349493e-06,6.035276328475447e-06,5.364527155826693e-10
987.0,6.018848125677323e-06,6.0186339396750554e-06,2.1407597916578425e-10
988.0,5.999574113957351e-06,5.9992639762640465e-06,3.103012291560958e-10
989.0,5.982932634651661e-06,5.9828980738529935e-06,3.4788172342814505e-11
990.0,5.9633925957314204e-06,5.963054718449712e-06,3.3790570341807324e-10
991.0,5.944254098722013e-06,5.944253189227311e-06,8.109693472313495e-13
992.0,5.925553068664158e-06,5.925447112531401e-06,1.0614193551861106e-10
993.0,5.9062044783786405e-06,5.9061080719402526e-06,9.641512588309809e-11
994.0,5.889015483262483e-06,5.889000931347255e-06,1.4478446219712282e-11
995.0,5.874511316505959e-06,5.874489488633117e-06,2.1615154111032098e-11
996.0,5.855372364749201e-06,5.855314157088287e-06,5.837474947867349e-11
997.0,5.839918685524026e-06,5.839850018674042e-06,6.865719798243575e-11
998.0,5.81671292820829e-06,5.81664107812685e-06,7.176859800894775e-11
999.0,5.798975962534314e-06,5.798822712677065e-06,1.534279647774639e-10
1000.0,5.777957539976342e-06,5.777734713774407e-06,2.2287638401508048e-10
